Request_id,Assigned_librarian,Completion_date
1,253139539,2024-11-10
2,329529051,2024-01-25
3,388284168,2024-04-23
4,229656459,2024-03-06
5,375013737,2024-02-28
6,213253230,2024-03-08
7,309168086,2024-07-18
8,343659348,2024-04-02
9,387341787,2024-02-11
10,308086545,2024-03-13
11,309373843,2024-06-20
12,288004336,2024-08-08
13,372500454,
14,208001834,
15,204153969,
16,314024977,2024-06-05
17,325460236,
19,332859123,2024-03-27
20,203821541,2024-01-17
21,210316964,2024-07-01
22,363657867,2024-10-16
23,247316201,
26,202124350,2024-11-07
28,213253230,
29,338387525,2024-01-23
30,270296197,
31,304375306,
34,387729908,2024-09-24
35,275888410,
37,219475845,2024-09-20
38,305749822,2024-06-04
39,373952407,
40,372004424,2024-03-11
41,205997588,2024-02-04
42,271057887,2024-06-22
43,321425431,2024-04-06
44,367901899,
45,203922083,
47,314552597,2024-03-09
48,332859123,2024-09-06
52,358617868,2024-06-02
53,204469027,2024-02-08
55,328778634,
56,227721123,2024-05-01
59,343899472,
61,298610999,2024-01-20
62,272950205,2024-09-18
63,334260312,2024-08-14
64,265299792,
66,343603908,2024-05-13
67,372500454,2024-07-22
69,313313090,2024-07-28
70,212959720,
72,287396774,2024-05-01
73,374362853,2024-06-07
74,253940100,2024-04-18
75,253658694,
76,208340844,2024-04-14
77,210316964,2024-09-30
79,313313090,
80,314024977,2024-04-18
81,380683862,
82,271395493,2024-07-19
84,344036579,2024-10-21
85,261189112,2024-10-31
86,371638669,2024-02-07
88,239678220,
89,395540990,
90,282902311,2024-08-23
91,329222087,2024-04-02
92,294120373,2024-07-01
93,247316201,2024-03-16
94,206653354,2024-07-06
95,380543645,2024-10-31
96,272134974,
97,365874072,2024-10-28
98,230006371,2024-09-05
99,324849645,
100,259928216,
101,287955504,2024-07-12
102,314552597,2024-03-17
104,385091780,
105,319475554,2024-04-05
106,395176308,
108,390629145,
109,263582710,2024-03-09
111,239678220,2024-06-22
112,298319781,
113,300165255,
114,272854340,2024-05-07
115,248515306,2024-02-24
118,380598680,
119,386152789,2024-01-06
120,251020210,2024-03-07
121,219037645,
123,268541885,2024-01-22
124,319475554,2024-04-15
126,272561044,2024-03-31
128,372500454,2024-04-09
131,211269576,2024-10-25
132,269026035,2024-05-27
133,395486673,2024-06-16
134,329193346,2024-03-02
135,228280574,2024-04-22
136,335112132,2024-07-14
137,335700035,2024-04-22
138,381043645,2024-09-09
139,314782657,2024-06-13
141,300221710,2024-05-29
143,270296197,2024-08-16
144,201885886,
145,298610999,2024-10-07
146,273386110,
147,230356354,2024-05-14
148,304375306,2024-09-09
149,238756902,2024-08-10
150,344036579,2024-01-17
152,211343306,
153,230250847,
154,281471201,
156,334240645,2024-01-07
157,277864716,
158,283555837,2024-01-02
159,297170813,2024-11-10
160,224484428,2024-04-04
161,359518008,2024-06-08
162,200660389,2024-04-23
163,206653354,2024-01-18
165,264368390,
166,269246864,2024-04-09
168,208071456,2024-07-02
169,346312267,2024-02-09
171,273731877,2024-06-13
174,382998003,2024-02-13
175,374830776,2024-11-10
178,332859123,2024-03-21
179,271395493,2024-02-11
181,200531127,
182,206694648,2024-06-26
183,253139539,2024-09-19
184,213790827,2024-05-07
185,316340561,2024-06-27
186,395176308,2024-08-13
187,206694648,2024-06-30
188,327972550,2024-04-04
190,273389718,2024-10-05
191,300221710,2024-05-28
192,296230212,2024-07-19
193,368812814,2024-01-26
195,349278614,2024-03-07
199,269026035,2024-08-30
201,391066552,
202,253714257,
204,221401615,
206,213125727,
207,397996240,
208,250544251,
210,321425431,
211,330470618,2024-06-07
214,326924917,2024-08-01
215,312000334,2024-02-04
216,272834128,2024-02-25
217,228565115,
218,220538110,
222,203922083,2024-04-29
224,334240645,2024-08-09
226,340115104,
228,287850242,
229,336625082,2024-06-03
230,201154135,2024-03-13
232,203922083,2024-05-04
233,215996018,2024-05-26
235,327100566,2024-10-02
236,329529051,
237,200531127,
238,314782657,
242,355947888,2024-05-27
243,274503903,2024-04-24
245,325460236,
246,273389718,2024-10-15
247,325460236,2024-06-01
248,398864504,2024-02-05
249,311029961,2024-05-16
250,284201662,
251,380683862,2024-06-12
253,308086545,2024-01-30
254,215243817,
255,235274826,
256,244258489,2024-07-01
257,344036579,2024-05-07
259,343626172,2024-08-31
260,381371756,2024-07-01
261,202316642,2024-03-15
262,386152789,2024-02-15
263,396735086,2024-05-05
264,349278614,
265,365874072,2024-02-25
266,343990297,2024-05-14
267,250913167,2024-11-04
268,275888410,2024-03-29
269,369388905,
270,365340843,2024-09-27
271,376632691,2024-06-14
272,365340843,2024-05-02
274,263996035,2024-09-26
277,383226560,2024-04-10
278,313570137,2024-06-08
279,296485899,2024-06-23
280,263582710,
281,272950205,2024-05-13
283,287955504,2024-01-18
284,205161656,2024-09-11
287,346059678,2024-05-17
288,250913167,2024-09-25
289,394401277,
290,339630600,
291,298319781,
292,308370048,
295,368812814,2024-09-17
296,334240645,
298,273389718,
299,381043645,2024-08-28
300,314052127,2024-01-11
301,226635274,
302,246297550,2024-02-02
303,251201281,2024-04-28
304,365874072,2024-07-08
305,397139437,2024-09-03
307,264368390,2024-06-01
308,330212051,
310,260056007,
311,251201281,2024-06-19
312,202316642,
313,363982018,
314,255595993,2024-09-17
315,305539405,
316,297170813,2024-06-27
317,397599127,2024-11-05
319,374983211,2024-06-26
320,229775739,
321,269246864,2024-07-12
323,263996035,2024-05-09
324,387729908,2024-04-25
325,227864667,2024-04-23
328,305606196,
329,272539917,2024-04-13
330,369388905,2024-05-19
331,301307625,
335,208071456,
336,273385716,2024-03-28
339,323508291,2024-07-13
340,318471364,
341,224880237,
343,256129297,
344,335473138,2024-01-17
345,253139539,
346,243991932,2024-03-18
347,268541885,2024-03-15
348,314552597,
349,388284168,2024-02-12
350,273385716,2024-07-02
351,356226035,
356,224880237,2024-07-09
357,283510501,
358,275573327,2024-03-25
361,242484194,2024-09-14
362,391066552,
366,329222087,
368,287396774,2024-05-18
371,294120373,2024-02-11
372,243247319,
373,324260777,2024-05-26
374,375383155,2024-01-14
375,226635274,2024-06-22
376,261844724,
377,258688852,
379,397599127,2024-09-29
380,368864328,2024-06-19
381,245463468,2024-04-09
384,288004336,2024-03-20
385,381371756,
386,360801609,
388,277425112,
390,345879134,2024-10-30
391,231522129,
393,329222087,2024-10-25
394,272126426,2024-09-13
395,259928216,2024-08-26
396,332147107,2024-06-18
397,358242451,2024-09-21
401,349278614,2024-06-14
402,365825033,2024-07-30
403,395486673,2024-10-02
404,224484428,2024-08-18
406,239678220,2024-10-05
407,306829821,
408,290649268,2024-10-20
409,282648716,2024-07-08
410,253139539,
412,356670364,2024-01-20
414,230006371,2024-06-18
415,247316201,
416,213253230,2024-07-26
417,378822233,2024-06-29
418,328727094,2024-07-12
419,346059678,
420,329554125,
421,300221710,2024-08-25
423,272834128,2024-10-04
425,326423001,2024-09-26
426,386152789,
427,280326901,
428,368812814,2024-05-13
429,203821541,2024-01-13
430,355947888,2024-01-16
431,315711143,2024-04-17
432,391388998,2024-09-10
435,361196652,2024-06-01
436,311029961,
437,243247319,2024-02-04
438,379899594,2024-09-29
439,352058077,2024-07-11
440,363189945,
441,246392112,2024-05-05
442,369388905,2024-08-14
443,215129123,2024-08-28
444,365874072,
445,315209668,2024-10-15
446,286218151,2024-09-11
449,363657867,2024-05-25
451,304975725,2024-05-19
452,253940100,2024-08-22
453,230250847,2024-07-19
454,387683428,2024-10-04
456,213125727,2024-09-11
457,229775739,
458,224484428,2024-11-08
460,216128694,2024-08-13
461,248942815,2024-11-20
462,272854340,
464,314052127,2024-03-31
465,231522129,
468,339411357,2024-01-23
469,263834384,2024-11-15
471,224880237,
472,343291431,2024-05-29
474,318314655,2024-05-14
475,279342661,
476,279342661,
477,335700035,2024-04-19
479,259978567,2024-02-03
480,259928216,2024-01-11
481,326924917,2024-08-15
482,280326901,2024-10-26
483,211950654,
484,266146166,2024-02-07
485,383226560,2024-10-25
486,332284330,
487,355947888,2024-09-06
488,221873193,2024-01-31
489,272854340,2024-06-03
490,200851160,2024-05-01
491,256625955,2024-01-22
492,343236287,2024-07-02
493,301307625,2024-06-06
495,253714257,2024-04-12
496,352080659,2024-10-25
497,215996018,2024-03-11
499,319475554,2024-04-21
502,371638669,2024-10-26
504,305564643,2024-08-29
505,282909407,2024-04-11
506,205997588,2024-11-08
507,200229912,
508,283555837,
509,316340561,2024-03-06
510,239037328,
511,296412695,
512,243247319,
513,380598680,2024-01-30
517,251201281,2024-05-08
518,332859123,
522,272950205,2024-07-01
523,374983211,2024-08-07
525,273665802,2024-08-31
527,321425431,2024-01-15
528,382998003,
529,251201281,2024-01-29
530,270268295,
531,312620313,2024-05-18
532,253714257,2024-10-08
533,201226883,
534,248515306,
535,325460236,2024-03-19
536,324849645,2024-06-18
537,275888410,2024-03-04
539,243247319,2024-03-31
540,360801609,2024-01-27
541,340115104,2024-10-26
542,316340561,2024-10-11
543,328470141,
544,274503903,2024-04-20
545,205505134,
546,365825033,2024-05-02
549,356226035,2024-04-14
550,377486550,2024-07-04
551,395486673,2024-10-29
552,301317277,2024-06-13
553,312620313,
554,230006371,
555,256528688,2024-01-11
557,220550354,2024-07-29
558,370320665,
559,243991932,
560,378822233,2024-11-02
561,202316642,
563,366900231,2024-10-02
564,253658694,
566,321425431,2024-02-15
567,229568209,2024-07-13
568,391066552,2024-05-31
569,329222087,
570,363657867,2024-02-08
571,280326901,2024-07-14
572,289982092,2024-05-12
573,362268922,2024-05-06
574,343236287,
576,305539405,2024-05-16
577,347495715,2024-01-23
578,330212051,2024-06-30
579,268541885,
580,287396774,2024-11-09
581,245463468,
582,273665802,
583,272126426,
585,244258489,
586,327100566,2024-07-17
587,275071561,2024-01-06
588,231404294,2024-03-04
590,256528688,2024-04-07
591,292019064,2024-06-24
592,371954678,
593,315711143,
594,234523116,2024-05-03
595,277864716,2024-09-17
597,257019273,2024-07-08
599,309373843,
600,313313090,2024-07-28
601,324849645,
603,395486673,2024-05-05
604,231522129,
605,305539405,
606,227721123,
608,340236173,2024-07-02
609,396735086,2024-04-10
610,205997588,
612,244414132,2024-08-03
613,320635840,
614,270164833,2024-05-28
615,356263731,2024-08-06
616,297170813,2024-08-22
618,361196652,2024-08-07
620,262603137,2024-09-19
621,298319781,2024-03-12
623,219475845,2024-05-23
625,316346196,
626,379899594,2024-06-28
628,282909407,2024-01-31
630,224242560,2024-08-02
631,202316642,2024-05-12
632,376632691,2024-05-23
635,386152789,2024-11-06
639,288004336,
640,254629025,2024-02-04
643,279342661,
646,397139437,
648,381043645,2024-10-27
649,269246864,
650,325460236,2024-04-30
652,355947888,2024-09-24
653,390969129,
654,362268922,
655,230250847,
657,251201281,2024-10-23
660,357314350,
661,347495715,2024-01-23
663,395486673,
664,298610999,2024-07-17
665,354443129,2024-01-22
667,207094053,
668,319475554,2024-05-30
669,236476230,
670,343626172,2024-01-24
671,288004336,2024-04-01
672,394518286,2024-01-23
674,311782056,2024-11-15
675,367901899,
676,353809353,
678,327972550,2024-10-03
679,208071456,
680,266146166,2024-08-15
681,380845883,2024-08-13
682,386513287,2024-06-23
683,203821541,2024-10-11
684,380598680,2024-09-11
685,268541885,
687,338387525,
688,370173353,2024-01-11
689,287396774,2024-10-11
690,253139539,2024-06-03
692,270268295,
693,253658694,2024-06-16
695,375383155,2024-09-27
696,273665802,2024-03-04
697,353809353,2024-08-08
698,394518286,2024-02-22
699,206653354,2024-05-18
700,200229912,2024-04-25
701,236476230,2024-10-23
702,283510501,2024-07-13
703,307732313,
704,306192741,2024-07-26
706,211269576,
708,220538110,2024-04-02
709,261844724,2024-05-28
711,329554125,2024-03-10
712,240447144,
713,251020210,
714,259978567,
715,329554125,
716,372004424,
717,335473138,
718,268541885,2024-06-26
719,329193346,2024-03-03
720,320635840,2024-09-05
722,343990297,2024-05-03
723,314052127,
724,365340843,2024-06-30
725,345879134,2024-10-03
726,343659348,2024-01-23
727,358617868,2024-01-17
729,311782056,
730,330470618,2024-02-03
732,278304159,2024-07-11
733,390073559,
735,325460236,
737,326110640,2024-04-27
738,227543469,2024-06-04
739,207094053,2024-09-19
740,243247319,
741,211343306,2024-11-14
743,366900231,2024-03-02
745,246392112,2024-10-24
746,294799614,2024-06-09
747,363419417,
748,250544251,2024-06-13
749,224242560,
750,248515306,
752,253714257,2024-04-26
753,326674793,2024-04-11
756,263834384,
757,301317277,2024-02-06
758,224518241,
759,388284168,
760,272834128,2024-01-13
761,377031109,
762,220550354,
763,265299792,
764,217666684,2024-06-19
765,371638669,2024-03-23
766,318080587,2024-06-08
767,203821541,
769,332147107,2024-10-10
771,314052127,2024-09-29
772,332859123,2024-05-05
773,260056007,2024-10-20
775,365874072,2024-09-11
777,204469027,
778,275071561,2024-01-19
780,228280574,2024-02-07
782,360801609,
784,354443129,
785,208340844,
787,221873193,2024-10-23
788,271057887,2024-08-12
789,359518008,
790,226642718,
791,301317277,2024-08-07
794,220538110,2024-03-28
795,257019273,2024-05-07
796,319608246,2024-11-05
798,255595993,2024-02-06
799,203027586,2024-05-15
800,343899472,2024-01-24
801,334240645,
802,396735086,
803,276990058,2024-02-26
807,311029961,2024-07-24
808,262603137,2024-03-02
809,305539405,
811,307732313,2024-05-08
812,298610999,2024-01-09
813,266146166,
814,298319781,
817,395044902,
818,236476230,2024-07-15
819,205161656,2024-09-28
820,356670364,2024-05-17
823,288004336,2024-07-31
824,229568209,
825,253139539,2024-08-17
826,227864667,2024-07-17
829,288738578,2024-06-19
830,274503903,2024-03-11
831,211950654,2024-05-04
832,332284330,
833,322215724,
834,239678220,2024-07-07
835,278304159,2024-01-14
836,220550354,2024-04-12
837,336625082,2024-08-20
838,319475554,2024-07-18
839,318314655,
840,394518286,2024-03-21
841,227721123,
843,261189112,2024-10-21
844,356226035,
845,256625955,
846,357314350,2024-02-13
847,318314655,
848,271057887,2024-11-07
849,368864328,2024-11-02
850,335112132,
851,327100566,2024-08-21
852,388284168,2024-03-05
853,374362754,2024-09-13
854,322215724,2024-10-24
856,320635840,2024-04-11
857,244258489,
858,315711143,
859,391066552,
860,387683428,
861,230356354,2024-01-16
862,343626172,2024-08-05
863,229568209,2024-10-25
864,394518286,2024-02-11
865,272834128,2024-10-26
867,305539405,2024-10-19
868,314782657,2024-09-26
869,293532545,2024-04-22
870,380214148,2024-01-27
871,388993412,
872,200531127,
873,377031109,2024-06-05
875,284201662,2024-01-20
876,369388905,2024-09-07
877,395486673,2024-01-18
878,260056007,
880,230356354,
881,202510681,2024-10-18
882,352058077,
883,398637793,2024-08-28
884,356670364,
885,269246864,2024-06-04
886,297170813,
887,204153969,2024-03-26
888,251201281,2024-07-08
890,272950205,2024-08-02
891,394518286,
894,395540990,2024-08-24
897,204153969,2024-08-17
898,395044902,
899,344036579,2024-10-15
900,373430313,
901,363657867,2024-06-13
902,301317277,2024-04-01
905,320635840,
906,370320665,2024-03-29
910,329222087,
912,376831376,2024-10-02
913,272126426,2024-08-24
914,326110640,2024-06-05
915,305606196,2024-09-26
916,315711143,2024-02-06
917,370320665,2024-06-11
918,383226560,2024-06-01
919,205161656,2024-08-04
921,363713934,
923,374876282,2024-02-24
924,277425112,2024-01-31
925,205997588,2024-06-07
926,304975725,2024-03-28
927,291563328,
928,342406105,
929,254629025,2024-03-11
930,328727094,
931,269548038,2024-09-04
932,202738597,
935,256256355,2024-10-07
936,231404294,2024-05-28
937,332284330,2024-03-12
938,272126426,2024-05-02
939,221401615,2024-02-01
940,203027586,
941,296412695,
942,272834128,
943,366964872,
945,247316201,2024-08-24
946,318314655,2024-04-04
947,222138711,2024-06-28
951,266543669,2024-01-06
952,343236287,2024-08-17
953,305749822,2024-05-21
954,256256355,
955,265346940,2024-10-31
956,282648716,2024-03-03
957,312620313,2024-07-29
958,386152789,2024-04-15
959,200885937,2024-07-11
964,287396774,2024-10-07
965,322215724,2024-04-13
966,386513287,2024-01-09
967,213790827,2024-03-23
968,330470618,
969,329554125,
970,280308818,
973,263582710,2024-04-17
974,263834384,2024-05-01
975,365340843,2024-06-08
978,208340844,2024-10-30
979,266543669,2024-03-23
980,254629025,2024-03-27
981,275518793,2024-06-28
982,342088705,
983,280326901,2024-08-22
984,222138711,2024-02-18
985,332663491,2024-05-31
986,321425431,
987,219475845,
988,354443129,
990,234523116,2024-07-30
992,369388905,
994,363419417,
997,335112132,2024-07-24
998,356263731,
999,324849645,
1000,316346196,2024-04-16
1001,343603908,2024-07-13
1003,309168086,2024-10-27
1005,390629145,
1007,339630600,2024-10-16
1008,271395493,2024-07-22
1009,265346940,2024-01-30
1013,394518286,
1015,226635274,
1016,318080587,
1017,309168086,2024-07-17
1018,363657867,2024-02-23
1020,243247319,2024-10-10
1021,202809745,
1023,346312267,2024-07-22
1024,363419417,
1025,211343306,2024-08-30
1027,275888410,2024-10-10
1029,390969129,
1030,206694648,2024-08-12
1031,230250847,2024-09-18
1032,200660389,2024-04-06
1035,328470141,
1036,226635274,2024-01-22
1038,286218151,2024-10-17
1039,302198528,2024-07-18
1040,279342661,
1041,211343306,2024-09-13
1043,374830776,2024-05-26
1044,256625955,2024-01-27
1045,239037328,
1046,340042613,2024-03-08
1047,326924917,
1048,221393697,2024-07-30
1049,332859123,2024-06-02
1050,324260777,
1051,226642718,2024-06-13
1052,334800141,2024-10-29
1053,395486673,2024-02-02
1056,370320665,2024-08-08
1058,345879134,
1059,264368390,2024-10-19
1060,282648716,
1061,282902311,2024-08-30
1062,256256355,2024-01-11
1063,352080659,2024-06-01
1064,284201662,
1065,221401615,2024-08-30
1066,346312267,
1068,208340844,
1069,289167405,2024-04-25
1070,283510501,
1071,257019273,2024-07-25
1073,378822233,
1074,356670364,2024-05-22
1077,388284168,2024-08-16
1079,200851160,2024-10-24
1080,314024977,2024-04-08
1081,373952407,2024-11-04
1082,328778634,2024-01-22
1083,326924917,
1085,367901899,2024-10-11
1086,210316964,
1087,269026035,2024-06-05
1089,326110640,
1090,397139437,
1092,264368390,
1093,245463468,2024-04-01
1094,219845013,2024-03-22
1096,221393697,
1098,227864667,2024-07-14
1099,332859123,
1100,363657867,
1101,381073709,2024-06-19
1102,202809745,
1103,250544251,2024-03-06
1104,367901899,2024-04-24
1105,352080659,2024-02-02
1106,371638669,2024-11-11
1107,290649268,2024-09-08
1108,269170593,2024-02-09
1110,395868615,2024-06-11
1111,380683862,2024-03-15
1112,397599127,
1113,200660389,
1114,338387525,
1116,372500454,2024-02-03
1117,303663751,2024-08-16
1118,256757899,2024-04-01
1119,275973766,2024-08-17
1120,374983211,
1121,282909407,
1122,375383155,2024-07-09
1123,324849645,
1124,375383155,
1125,238756902,2024-03-14
1126,305539405,
1127,290649268,2024-03-26
1128,200851160,
1129,276990058,2024-04-04
1130,318314655,
1131,246512818,2024-07-17
1133,272950205,2024-03-26
1134,301307625,2024-02-08
1135,353809353,2024-07-03
1139,377486550,
1140,276990058,2024-06-15
1141,298319781,2024-01-27
1142,282902311,
1143,395486673,2024-05-11
1145,276990058,2024-03-05
1146,332859123,2024-10-24
1147,330212051,2024-06-02
1149,363419417,
1152,280326901,2024-07-10
1153,272134974,2024-08-03
1154,208340844,
1156,272950205,
1158,381371756,2024-07-20
1162,346059678,2024-05-13
1166,288004336,
1167,336625082,2024-05-17
1170,308370048,2024-09-15
1172,318471364,2024-07-29
1173,272134974,
1174,322215724,
1175,374362853,
1176,269246864,2024-05-29
1177,272561044,2024-08-30
1178,355947888,
1180,305606196,
1181,200229912,
1186,221873193,2024-04-04
1187,222138711,2024-09-04
1190,215773110,2024-07-23
1191,332147107,
1192,363713934,2024-03-07
1194,289167405,2024-05-13
1195,314024977,2024-06-18
1196,369388905,2024-10-31
1198,253139539,
1199,314052127,
1201,360801609,2024-03-09
1202,309373843,2024-08-18
1203,286218151,
1204,366132926,2024-05-21
1205,313313090,2024-05-03
1207,372500454,2024-11-15
1208,307732313,
1209,288004336,
1210,358617868,2024-05-21
1211,356263731,2024-07-03
1214,301307625,2024-04-03
1215,235274826,2024-06-23
1216,256625955,2024-04-22
1218,284201662,2024-06-04
1219,372004424,
1220,335473138,2024-05-17
1222,273385716,2024-05-12
1224,246392112,2024-01-06
1225,359518008,
1227,377031109,2024-04-16
1228,224242560,2024-10-12
1229,280326901,2024-08-03
1230,272539917,2024-10-27
1231,316340561,2024-07-29
1232,316346196,2024-08-12
1233,283230282,
1234,305564643,
1235,219475845,2024-05-16
1236,211950654,
1237,343291431,2024-01-06
1238,264368390,
1239,395044902,2024-02-16
1240,356226035,2024-09-23
1243,352080659,2024-10-14
1244,256757899,2024-11-17
1247,253658694,2024-03-27
1248,294799614,
1249,202124350,2024-10-26
1250,309373843,2024-03-28
1252,208071456,2024-07-27
1255,346312267,
1257,215996018,2024-03-01
1258,208071456,
1259,390969129,2024-07-02
1260,355947888,
1261,280308818,2024-09-16
1262,304375306,2024-11-13
1263,347495715,2024-03-24
1266,372004424,2024-10-13
1267,371638669,
1268,222138711,
1270,259928216,2024-08-12
1273,388993412,
1274,227864667,2024-01-31
1275,352080659,2024-03-21
1276,340115104,
1277,238861546,2024-02-21
1278,253139539,
1280,282034214,
1281,316346196,2024-07-18
1282,290649268,
1284,280739152,2024-02-02
1285,297170813,
1286,274503903,2024-08-10
1287,221401615,2024-11-03
1288,342406105,2024-03-17
1291,344036579,
1292,329529051,2024-05-15
1293,386513287,2024-06-09
1294,374362853,2024-03-13
1295,294120373,
1296,312620313,
1298,316346196,2024-03-10
1300,234523116,
1301,334240645,2024-08-20
1302,283230282,
1303,395540990,
1304,257019273,
1305,200885937,2024-08-18
1306,256528688,2024-06-26
1307,230006371,2024-09-01
1308,356670364,2024-09-11
1309,380598680,2024-09-12
1312,263834384,
1313,343236287,2024-11-19
1316,224518241,2024-06-26
1317,363982018,2024-03-09
1319,330212051,2024-06-12
1320,202809745,
1321,326924917,2024-03-06
1323,377031109,
1324,329222087,
1325,219475845,
1326,300165255,2024-07-29
1327,275888410,2024-10-20
1328,326423001,2024-04-16
1329,272950205,2024-05-07
1330,304375306,
1331,275518793,2024-11-01
1334,227543469,2024-05-09
1336,231404294,2024-03-05
1337,224880237,2024-11-11
1338,227864667,2024-01-29
1339,201154135,2024-09-16
1340,266146166,2024-06-04
1343,366132926,2024-01-14
1344,356226035,2024-01-16
1345,301317277,2024-06-14
1346,224484428,2024-11-06
1347,398864504,2024-01-25
1348,328727094,2024-08-24
1349,343899472,2024-05-29
1350,261189112,2024-06-22
1351,365825033,
1352,363713934,2024-10-21
1353,289167405,
1354,293532545,
1355,255595993,2024-02-02
1356,202124350,2024-04-17
1357,205161656,2024-06-21
1358,346059678,2024-08-06
1360,395868615,2024-05-30
1361,212959720,
1363,269548038,2024-06-18
1364,372500454,2024-07-26
1365,282902311,
1368,371638669,
1369,239037328,2024-09-12
1370,224880237,2024-09-04
1371,367901899,
1372,386152789,2024-02-16
1373,329222087,
1375,272126426,2024-05-07
1376,398864504,
1377,335473138,2024-09-20
1378,242484194,
1379,368864328,2024-02-18
1381,298610999,
1382,213790827,2024-07-25
1384,215996018,2024-04-10
1386,374983211,2024-03-24
1387,250913167,
1390,243247319,2024-11-13
1391,327109013,2024-08-28
1392,330470618,
1393,268541885,2024-02-23
1394,362917106,2024-02-23
1395,250985413,2024-01-10
1397,366900231,2024-05-12
1398,282902311,2024-10-18
1399,304375306,2024-06-07
1400,372004424,
1401,203027586,
1402,261189112,2024-07-30
1403,374830776,
1404,287396774,
1405,326674793,2024-07-31
1406,261844724,
1407,201885886,2024-04-08
1408,381371756,
1409,227864667,
1410,394518286,
1411,383226560,2024-09-03
1412,211269576,2024-10-12
1417,255586604,
1418,272134974,2024-04-18
1419,305564643,2024-03-23
1420,213125727,
1421,263996035,2024-07-04
1422,275518793,2024-06-01
1423,305749822,2024-05-09
1424,236476230,2024-08-22
1425,224880237,
1427,269548038,
1428,328470141,
1429,288004336,2024-05-27
1430,208340844,2024-05-27
1431,265299792,2024-07-21
1432,383226560,2024-03-30
1433,282034214,2024-03-24
1436,318080587,
1437,256588641,2024-07-24
1438,263996035,
1439,342088705,
1441,363657867,
1444,371638669,2024-03-31
1445,327109013,2024-06-28
1446,342088705,
1447,313313090,2024-04-23
1451,363657867,2024-02-13
1452,289982092,2024-06-22
1454,368864328,2024-10-12
1455,380845883,
1456,296412695,
1457,286218151,2024-04-06
1458,340115104,2024-04-26
1459,269026035,
1460,211343306,2024-06-15
1461,321425431,
1462,297170813,2024-05-18
1463,301317277,
1464,200660389,2024-07-15
1465,344036579,2024-09-29
1466,327972550,
1467,280308818,2024-04-11
1468,340115104,2024-10-06
1470,281471201,2024-07-20
1471,321425431,2024-05-11
1472,332147107,2024-03-01
1473,371954678,2024-06-06
1475,366964872,
1476,213125727,2024-08-14
1478,343899472,2024-10-19
1479,300165255,2024-07-03
1480,275273902,2024-10-14
1482,270296197,2024-02-12
1483,335700035,2024-01-26
1487,272134974,
1488,281471201,2024-09-29
1490,203922083,2024-05-01
1492,324849645,2024-08-10
1493,203821541,2024-03-26
1494,304375306,2024-05-29
1495,327109013,
1498,242484194,2024-06-29
1500,296485899,2024-09-16
1501,343899472,2024-02-14
1502,215243817,
1503,332284330,2024-10-07
1504,250985413,
1505,397139437,2024-10-25
1506,256588641,
1507,346312267,2024-03-25
1508,335112132,2024-02-08
1509,286218151,2024-07-07
1511,343659348,
1512,315711143,2024-06-27
1513,315448548,2024-01-22
1514,366900231,2024-02-28
1515,367901899,
1516,236476230,2024-04-03
1517,287396774,2024-05-08
1521,349278614,
1522,328727094,2024-06-27
1523,204469027,2024-08-28
1524,264368390,
1527,326674793,2024-10-31
1528,315448548,2024-04-01
1529,264368390,
1531,202809745,2024-02-02
1532,219845013,2024-09-13
1533,235274826,2024-10-18
1536,255586604,2024-09-01
1537,374830776,
1538,253940100,
1539,371954678,
1540,371638669,
1544,386152789,2024-02-14
1545,359518008,
1546,204153969,2024-06-11
1548,275273902,2024-06-14
1549,246512818,
1550,203922083,
1551,245463468,2024-07-08
1552,328727094,2024-04-28
1553,224242560,
1555,375013737,2024-06-22
1556,243247319,2024-09-24
1558,234523116,2024-07-03
1559,380543645,2024-08-28
1560,286218151,2024-05-10
1561,200660389,2024-05-03
1562,398637793,
1563,202510681,
1564,332147107,2024-02-11
1567,386152789,2024-05-06
1568,227721123,
1569,234523116,2024-08-07
1570,220538110,2024-02-18
1572,320635840,2024-04-09
1573,256129297,
1574,374362853,2024-04-19
1575,268722105,2024-03-21
1576,374876282,
1577,202809745,2024-04-22
1579,281471201,
1581,268541885,2024-03-10
1582,390969129,2024-06-04
1583,207094053,2024-07-06
1584,381371756,2024-02-16
1585,283555837,2024-10-22
1586,273385716,
1587,324849645,
1588,260056007,2024-08-28
1589,224484428,2024-09-12
1590,200851160,2024-02-24
1591,319475554,2024-01-27
1594,208071456,
1596,275888410,2024-06-25
1597,314024977,
1599,314052127,
1601,282648716,2024-11-12
1602,202809745,2024-11-07
1603,204469027,
1605,309168086,
1606,215996018,2024-02-18
1607,318314655,2024-04-16
1608,390629145,2024-07-23
1609,263996035,2024-04-25
1610,200851160,
1611,234523116,
1612,372500454,
1613,332284330,2024-06-30
1615,321425431,2024-09-15
1616,273665802,
1617,273665802,2024-03-06
1618,269170593,2024-05-13
1619,234523116,2024-07-04
1620,262603137,2024-10-02
1621,265346940,2024-02-14
1622,243247319,2024-04-10
1623,201885886,
1624,219475845,2024-08-05
1625,340115104,
1626,269548038,
1627,206694648,
1628,388993412,
1629,354443129,
1631,324260777,2024-04-08
1632,228280574,2024-03-04
1633,272539917,2024-05-17
1634,264368390,
1636,272134974,
1638,394294102,2024-06-17
1639,273385716,
1642,380543645,
1643,383226560,
1645,311029961,2024-03-29
1646,391066552,2024-03-24
1648,288738578,
1649,360801609,2024-02-02
1652,238861546,2024-05-05
1653,206694648,2024-10-03
1657,361196652,
1660,301452777,2024-08-14
1661,250913167,2024-09-13
1662,343603908,2024-08-29
1663,287396774,2024-01-19
1664,234523116,
1665,288738578,
1666,202124350,2024-01-21
1667,308370048,
1668,382998003,2024-09-23
1669,224518241,2024-10-07
1671,205505134,
1672,282902311,
1673,300165255,2024-09-19
1675,277864716,
1677,362268922,2024-02-10
1678,269548038,2024-10-17
1679,356226035,2024-10-03
1680,213253230,
1683,296412695,
1684,378822233,2024-02-23
1685,275888410,
1687,251201281,2024-02-12
1688,248515306,
1689,357314350,2024-04-24
1690,258688852,2024-11-07
1691,314052127,2024-11-17
1692,208340844,2024-04-07
1693,211343306,2024-04-11
1694,276990058,
1695,330470618,2024-10-27
1696,251020210,2024-03-02
1697,238756902,
1699,371638669,2024-02-10
1700,273389718,2024-09-07
1701,374830776,2024-02-07
1702,390629145,2024-05-23
1703,343236287,2024-04-06
1704,280326901,2024-06-14
1705,376831376,2024-10-28
1706,296412695,
1707,224880237,2024-02-18
1708,256625955,
1710,200229912,2024-09-22
1711,332859123,2024-03-04
1712,338387525,2024-04-03
1713,283510501,2024-11-12
1715,211950654,
1716,376632691,2024-10-26
1717,277864716,2024-05-14
1718,201154135,2024-05-11
1720,379899594,2024-09-24
1723,289167405,
1724,251020210,
1725,311029961,2024-09-10
1726,244414132,2024-02-22
1727,222138711,2024-01-10
1729,277425112,2024-09-02
1730,284950177,
1731,330212051,2024-08-17
1732,215243817,
1733,296485899,
1734,294120373,2024-04-13
1735,261844724,2024-09-17
1736,203027586,
1737,326423001,2024-04-15
1738,379899594,
1740,395540990,2024-01-24
1742,339411357,2024-06-01
1743,376831376,
1746,396735086,
1748,287850242,
1750,340042613,2024-07-12
1751,200660389,2024-04-21
1753,284201662,2024-07-02
1754,330212051,2024-09-01
1755,268722105,2024-09-07
1758,324260777,2024-09-21
1759,303663751,2024-04-28
1763,308370048,
1764,204469027,
1766,339411357,2024-01-15
1767,343603908,2024-09-21
1768,229775739,2024-01-21
1770,280326901,2024-05-06
1773,358242451,2024-07-08
1775,202510681,2024-06-28
1776,266543669,
1777,256588641,
1778,363713934,2024-10-29
1779,328727094,2024-09-19
1780,340042613,
1782,355302167,2024-10-02
1784,238756902,
1785,300221710,
1786,378822233,2024-05-24
1789,288738578,
1791,362936221,2024-02-21
1792,203027586,2024-05-02
1793,311782056,
1794,343236287,2024-04-21
1795,261844724,2024-04-06
1797,355947888,2024-09-12
1798,313313090,
1799,206653354,2024-08-07
1804,215129123,2024-04-09
1805,394518286,2024-04-04
1807,256528688,
1808,349278614,2024-04-13
1811,289982092,2024-02-03
1812,280326901,
1813,230250847,2024-04-25
1814,205997588,2024-10-05
1815,273389718,
1816,326423001,2024-03-14
1817,200851160,2024-11-10
1818,259978567,
1819,366900231,
1820,269548038,
1822,315209668,2024-03-14
1823,275518793,2024-07-22
1826,227721123,2024-02-21
1827,245463468,2024-10-17
1828,270164833,2024-01-15
1830,260056007,2024-07-08
1831,224484428,
1833,205161656,2024-11-15
1834,358617868,2024-02-11
1835,211269576,2024-05-16
1836,211343306,
1838,289167405,2024-01-25
1839,279342661,2024-01-12
1840,250913167,2024-10-01
1841,377486550,2024-01-10
1843,363189945,2024-11-07
1844,386152789,2024-10-23
1845,227721123,
1846,314024977,2024-03-29
1847,390969129,2024-09-10
1848,338387525,2024-06-14
1849,242484194,
1850,213253230,
1852,204469027,2024-10-20
1854,224880237,2024-08-08
1856,282648716,2024-03-26
1857,363982018,
1859,243247319,2024-08-14
1860,305564643,
1861,283230282,2024-10-05
1863,204469027,2024-06-15
1865,280308818,2024-07-07
1866,220538110,2024-01-13
1867,321425431,
1868,205505134,2024-06-06
1869,273731877,
1870,315448548,2024-10-14
1871,376632691,2024-03-22
1872,266085976,2024-09-07
1873,374876282,
1874,273386110,
1875,284201662,2024-01-26
1876,372004424,2024-05-13
1877,283555837,2024-03-15
1880,304975725,2024-03-16
1881,305749822,2024-09-16
1883,381371756,2024-07-14
1885,324849645,2024-06-13
1886,200851160,2024-07-04
1888,213140700,2024-09-22
1889,240447144,2024-04-12
1890,362936221,2024-02-01
1891,213140700,2024-05-31
1892,202738597,2024-07-09
1893,362936221,
1894,230356354,2024-02-01
1895,269170593,2024-10-07
1896,273731877,
1900,377031109,
1901,265590430,2024-06-18
1902,287396774,2024-11-15
1903,327100566,
1904,283555837,2024-10-06
1905,375383155,2024-10-21
1907,272539917,2024-01-16
1913,355947888,
1914,283230282,
1915,224484428,
1917,390629145,2024-02-08
1918,319608246,2024-04-13
1920,311029961,2024-01-12
1922,261844724,2024-06-13
1923,253714257,
1924,300221710,2024-10-17
1925,366132926,2024-09-06
1929,382998003,
1931,363189945,2024-04-23
1932,385091780,2024-09-08
1933,356226035,
1937,296485899,
1938,202809745,2024-03-23
1939,356263731,2024-10-25
1940,262603137,
1942,278304159,2024-07-17
1943,371638669,2024-01-14
1944,238756902,2024-07-10
1945,251020210,2024-05-04
1947,211269576,2024-10-28
1948,374362853,2024-08-23
1949,295603989,2024-02-28
1952,250913167,2024-11-13
1953,263834384,
1954,270164833,2024-08-18
1955,361196652,2024-01-10
1956,236476230,2024-04-05
1957,270164833,
1958,354443129,2024-11-08
1959,397996240,
1960,334800141,2024-07-31
1961,306829821,
1962,259928216,2024-10-25
1963,261486492,2024-05-11
1964,280739152,
1965,200531127,2024-10-13
1966,207094053,2024-10-12
1967,287396774,2024-08-14
1971,360801609,2024-06-03
1972,203027586,
1973,200885937,
1974,215996018,
1975,316346196,2024-07-03
1976,293532545,2024-09-19
1977,395868615,2024-03-14
1979,250544251,
1980,205161656,2024-06-14
1981,205997588,2024-07-30
1982,220538110,2024-08-22
1983,275888410,2024-09-11
1984,226635274,2024-11-12
1985,297170813,
1986,216128694,
1988,339411357,2024-09-14
1989,328778634,
1991,356670364,
1992,318080587,2024-08-09
1993,365825033,
1995,339630600,2024-02-29
1996,277864716,2024-05-21
1998,228565115,
1999,380683862,2024-02-27
2000,297170813,2024-09-26
