Student_id,Request_time,Start_time,Duration_hours,Number_of_people,Board,Screen,Handled_Librarian
3746,15-10-2024,2024-11-10 12:06:31,2,2,Y,N,3373
3942,23-10-2024,2024-11-10 10:21:20,2,4,Y,N,3533
3655,11-10-2024,2024-11-13 10:55:28,3,6,Y,N,3550
3935,08-10-2024,2024-11-07 13:08:10,3,5,N,N,3340
3733,07-10-2024,2024-11-18 21:36:52,4,7,Y,N,3339
3872,27-10-2024,2024-11-19 10:28:28,4,6,Y,N,3593
3926,23-10-2024,2024-11-04 10:43:45,4,1,N,N,3559
3700,30-10-2024,2024-11-19 17:35:15,2,5,Y,N,3226
3900,26-10-2024,2024-11-08 10:46:35,4,10,Y,N,3543
3851,20-10-2024,2024-11-09 17:16:33,1,8,Y,N,3228
3607,14-10-2024,2024-11-28 14:23:00,1,3,N,N,3513
3670,07-10-2024,2024-11-11 19:05:27,1,6,N,N,3335
3851,11-10-2024,2024-11-08 16:39:17,3,2,N,N,3426
3671,12-10-2024,2024-11-02 20:17:59,4,9,N,N,3335
3807,09-10-2024,2024-11-29 21:53:07,1,2,N,N,3414
3691,11-10-2024,2024-11-04 17:56:41,3,4,N,N,3453
3904,26-10-2024,2024-11-05 11:08:55,1,9,Y,N,3592
3621,13-10-2024,2024-11-18 18:39:00,4,4,N,N,3568
3817,03-10-2024,2024-11-21 09:58:32,2,10,N,N,3511
3999,20-10-2024,2024-11-15 09:02:37,1,1,N,N,3293
3897,06-10-2024,2024-11-12 16:46:44,2,10,N,N,3234
3805,23-10-2024,2024-11-09 20:25:12,3,2,Y,N,3469
3722,30-10-2024,2024-11-26 08:36:07,4,5,Y,N,3534
3824,08-10-2024,2024-11-28 20:04:36,2,4,N,N,3297
3927,04-10-2024,2024-11-25 18:22:54,4,1,Y,N,3519
3917,22-10-2024,2024-11-27 12:42:03,2,4,N,N,3439
3648,08-10-2024,2024-11-14 12:37:04,1,8,N,N,3373
3758,26-10-2024,2024-11-24 14:10:50,2,7,N,N,3415
3896,22-10-2024,2024-11-04 16:42:22,4,4,N,N,3539
3756,19-10-2024,2024-11-01 15:31:50,1,3,Y,N,3381
3827,04-10-2024,2024-11-17 11:37:11,3,1,Y,N,3414
3984,30-10-2024,2024-11-23 21:56:49,4,5,Y,N,3300
3923,02-10-2024,2024-11-03 10:27:24,4,1,Y,N,3384
3789,04-10-2024,2024-11-08 18:58:06,1,4,N,N,3463
3941,27-10-2024,2024-11-08 18:24:17,2,8,N,N,3331
3700,05-10-2024,2024-11-01 19:14:28,4,1,N,N,3529
3875,14-10-2024,2024-11-20 14:09:52,3,7,N,N,3235
3689,25-10-2024,2024-11-27 17:39:53,4,8,N,N,3547
3693,08-10-2024,2024-11-05 07:02:49,2,5,Y,N,3471
3859,03-10-2024,2024-11-18 18:05:03,2,5,Y,N,3565
3738,14-10-2024,2024-11-03 20:33:34,1,5,N,N,3289
3628,23-10-2024,2024-11-23 15:08:23,1,4,N,N,3458
3806,07-10-2024,2024-11-26 10:04:27,4,6,N,N,3493
3712,12-10-2024,2024-11-17 07:04:04,1,5,N,N,3211
3775,11-10-2024,2024-11-13 16:06:07,2,10,Y,N,3515
3988,15-10-2024,2024-11-10 12:07:17,2,1,Y,N,3368
3927,01-10-2024,2024-11-05 07:33:45,4,1,N,N,3592
3795,16-10-2024,2024-11-18 17:27:09,4,6,N,N,3335
3919,18-10-2024,2024-11-05 15:34:52,1,7,N,N,3344
3981,11-10-2024,2024-11-04 12:19:39,3,8,N,N,3555
3632,27-10-2024,2024-11-26 16:27:17,2,10,Y,N,3505
3955,11-10-2024,2024-11-06 11:07:17,4,1,N,N,3226
3638,07-10-2024,2024-11-03 12:58:05,1,5,N,N,3567
3929,16-10-2024,2024-11-20 16:27:07,1,1,N,N,3541
3730,26-10-2024,2024-11-22 15:35:55,1,8,Y,N,3286
3980,08-10-2024,2024-11-25 20:02:01,1,9,Y,N,3211
3661,28-10-2024,2024-11-10 16:28:15,3,9,N,N,3327
3649,26-10-2024,2024-11-06 07:56:48,3,5,N,N,3360
3670,08-10-2024,2024-11-01 13:35:40,2,8,Y,N,3453
3953,28-10-2024,2024-11-24 11:24:28,2,1,N,N,3423
3764,10-10-2024,2024-11-17 18:02:23,4,3,N,N,3547
3717,18-10-2024,2024-11-08 21:51:20,4,3,Y,N,3325
3617,26-10-2024,2024-11-23 08:26:56,4,5,Y,N,3570
3911,24-10-2024,2024-11-17 10:56:27,4,9,N,N,3375
3873,18-10-2024,2024-11-19 16:36:29,4,9,Y,N,3214
3813,18-10-2024,2024-11-23 20:06:57,2,8,N,N,3526
3772,19-10-2024,2024-11-06 14:36:34,2,3,N,N,3468
3728,17-10-2024,2024-11-06 10:29:01,3,8,Y,N,3210
3822,08-10-2024,2024-11-15 11:06:46,3,4,Y,N,3206
3641,22-10-2024,2024-11-16 14:35:26,2,8,N,N,3331
3973,05-10-2024,2024-11-02 12:47:04,3,5,N,N,3498
3890,08-10-2024,2024-11-25 12:59:44,2,1,Y,N,3487
3745,23-10-2024,2024-11-24 08:18:33,4,8,Y,N,3401
3696,01-10-2024,2024-11-05 09:24:51,4,2,N,N,3211
3617,16-10-2024,2024-11-14 15:43:43,2,1,N,N,3578
3704,25-10-2024,2024-11-15 11:47:33,1,9,Y,N,3500
3758,17-10-2024,2024-11-14 17:36:46,1,6,N,N,3239
3728,21-10-2024,2024-11-28 14:47:44,2,2,Y,N,3504
3957,20-10-2024,2024-11-21 16:55:52,3,5,Y,N,3403
3965,17-10-2024,2024-11-29 17:37:21,1,3,N,N,3421
3958,07-10-2024,2024-11-13 14:41:52,4,10,N,N,3538
3903,23-10-2024,2024-11-26 17:23:40,3,10,N,N,3359
3728,21-10-2024,2024-11-04 14:01:03,1,8,N,N,3253
3749,03-10-2024,2024-11-06 11:34:08,2,2,Y,N,3301
3716,28-10-2024,2024-11-24 09:03:14,2,10,Y,N,3437
3606,13-10-2024,2024-11-02 17:55:17,4,2,N,N,3290
3777,06-10-2024,2024-11-10 14:17:17,4,1,Y,N,3327
3696,02-10-2024,2024-11-13 15:55:39,1,1,Y,N,3333
3771,17-10-2024,2024-11-01 19:20:57,3,2,Y,N,3354
3671,18-10-2024,2024-11-26 16:15:21,4,5,N,N,3227
3737,14-10-2024,2024-11-16 07:18:57,4,4,N,N,3212
3808,09-10-2024,2024-11-28 17:33:15,4,9,N,N,3280
3940,01-10-2024,2024-11-19 10:59:17,3,5,N,N,3418
3912,25-10-2024,2024-11-07 10:06:27,3,9,Y,N,3543
3875,14-10-2024,2024-11-15 20:44:41,1,6,Y,N,3590
3833,25-10-2024,2024-11-25 08:59:57,1,8,N,N,3448
3695,15-10-2024,2024-11-02 15:11:39,3,8,Y,N,3571
3881,01-10-2024,2024-11-14 13:19:49,1,1,Y,N,3578
3629,05-10-2024,2024-11-14 19:54:31,3,3,N,N,3551
3933,11-10-2024,2024-11-20 14:32:30,4,6,Y,N,3320
3873,28-10-2024,2024-11-18 16:33:01,4,2,N,N,3219
3784,21-10-2024,2024-11-01 14:15:08,2,4,N,N,3590
3846,20-10-2024,2024-11-10 16:39:06,4,1,Y,N,3557
3641,22-10-2024,2024-11-22 21:39:09,3,10,Y,N,3407
3632,25-10-2024,2024-11-05 13:31:05,3,4,Y,N,3248
3699,23-10-2024,2024-11-05 12:36:35,1,7,Y,N,3439
3610,30-10-2024,2024-11-13 10:16:11,4,8,Y,N,3583
3996,25-10-2024,2024-11-27 21:19:10,1,10,N,N,3368
3748,12-10-2024,2024-11-24 20:23:50,3,3,N,N,3259
3845,11-10-2024,2024-11-01 07:08:52,3,4,Y,N,3498
3967,03-10-2024,2024-11-06 15:08:19,2,8,N,N,3286
3710,15-10-2024,2024-11-17 11:20:05,4,10,Y,N,3275
3705,03-10-2024,2024-11-12 08:58:35,1,7,N,N,3385
3936,15-10-2024,2024-11-13 16:49:05,4,4,Y,N,3233
3640,09-10-2024,2024-11-16 15:01:22,4,2,N,N,3302
3923,26-10-2024,2024-11-22 11:04:50,2,10,N,N,3324
3931,29-10-2024,2024-11-14 14:10:00,2,2,N,N,3384
3962,29-10-2024,2024-11-23 15:20:49,2,10,Y,N,3477
3930,10-10-2024,2024-11-26 18:02:22,1,8,Y,N,3432
3661,30-10-2024,2024-11-18 19:26:42,1,7,N,N,3472
3666,25-10-2024,2024-11-20 13:07:40,1,3,N,N,3568
3910,16-10-2024,2024-11-19 10:23:09,1,7,N,N,3430
3736,11-10-2024,2024-11-26 13:58:41,3,3,N,N,3331
3818,24-10-2024,2024-11-12 16:10:26,4,4,N,N,3524
3681,07-10-2024,2024-11-13 15:56:18,1,9,Y,N,3208
3685,10-10-2024,2024-11-06 15:55:42,4,5,Y,N,3448
3630,29-10-2024,2024-11-14 11:55:20,2,10,Y,N,3592
3781,29-10-2024,2024-11-01 19:56:36,3,10,N,N,3339
3824,09-10-2024,2024-11-13 17:04:15,1,4,Y,N,3506
3675,28-10-2024,2024-11-14 16:44:58,1,9,Y,N,3257
3894,22-10-2024,2024-11-12 17:01:54,4,7,N,N,3586
3721,10-10-2024,2024-11-11 18:27:05,2,2,N,N,3383
3974,02-10-2024,2024-11-06 12:22:13,3,10,Y,N,3366
3654,06-10-2024,2024-11-03 07:16:47,1,1,Y,N,3405
3793,17-10-2024,2024-11-25 16:28:42,1,10,N,N,3548
3626,01-10-2024,2024-11-04 07:42:06,3,7,N,N,3402
3805,08-10-2024,2024-11-10 09:42:44,2,3,Y,N,3535
3809,16-10-2024,2024-11-13 18:58:52,1,2,Y,N,3353
3992,17-10-2024,2024-11-24 13:55:18,1,3,N,N,3496
3820,04-10-2024,2024-11-09 17:37:06,4,1,Y,N,3216
3917,13-10-2024,2024-11-10 12:39:37,1,8,Y,N,3347
3690,24-10-2024,2024-11-25 12:32:41,1,7,N,N,3374
3976,22-10-2024,2024-11-29 14:41:57,3,5,N,N,3559
3649,08-10-2024,2024-11-17 19:46:22,1,7,N,N,3452
3888,01-10-2024,2024-11-23 12:28:21,1,2,N,N,3367
3863,25-10-2024,2024-11-29 10:58:13,3,2,Y,N,3516
3869,11-10-2024,2024-11-26 10:32:52,1,9,Y,N,3257
3994,13-10-2024,2024-11-02 15:10:52,3,7,Y,N,3422
3677,14-10-2024,2024-11-25 09:47:17,3,5,Y,N,3207
3738,29-10-2024,2024-11-14 12:01:59,1,6,Y,N,3253
3909,19-10-2024,2024-11-14 16:32:03,1,7,N,N,3485
3798,21-10-2024,2024-11-02 16:24:00,1,9,N,N,3493
3941,15-10-2024,2024-11-26 14:25:11,1,2,N,N,3272
3656,19-10-2024,2024-11-14 17:47:08,4,2,N,N,3272
3815,27-10-2024,2024-11-01 08:30:29,3,5,N,N,3390
3824,24-10-2024,2024-11-13 18:23:17,2,1,N,N,3391
3649,30-10-2024,2024-11-29 16:13:10,2,4,Y,N,3208
3930,27-10-2024,2024-11-25 09:24:28,2,7,Y,N,3483
3920,29-10-2024,2024-11-20 13:27:44,1,4,N,N,3389
3883,24-10-2024,2024-11-09 08:14:17,4,8,N,N,3534
3756,28-10-2024,2024-11-12 18:41:01,4,2,Y,N,3210
3936,17-10-2024,2024-11-29 09:44:03,1,1,Y,N,3372
3647,14-10-2024,2024-11-14 13:27:44,3,10,Y,N,3221
3673,15-10-2024,2024-11-28 12:14:29,4,2,Y,N,3471
3828,07-10-2024,2024-11-06 13:12:11,4,6,Y,N,3302
3644,12-10-2024,2024-11-09 20:00:22,1,4,Y,N,3548
3859,01-10-2024,2024-11-24 12:48:40,1,4,N,N,3388
3626,27-10-2024,2024-11-05 14:54:46,3,3,Y,N,3358
3858,17-10-2024,2024-11-26 16:59:22,4,4,N,N,3326
3802,01-10-2024,2024-11-29 11:04:08,2,6,Y,N,3366
3837,24-10-2024,2024-11-17 16:51:35,3,9,Y,N,3528
3700,17-10-2024,2024-11-23 14:43:55,1,9,N,N,3280
3677,19-10-2024,2024-11-09 18:12:31,1,10,N,N,3502
3714,20-10-2024,2024-11-18 10:20:14,1,6,Y,N,3254
3701,27-10-2024,2024-11-25 17:36:37,3,1,N,N,3359
3774,20-10-2024,2024-11-01 13:19:30,4,7,N,N,3331
3907,26-10-2024,2024-11-13 16:29:53,2,10,N,N,3291
3643,12-10-2024,2024-11-09 14:42:13,4,5,N,N,3471
3622,03-10-2024,2024-11-24 20:43:30,1,6,Y,N,3224
3680,17-10-2024,2024-11-19 16:41:20,3,8,N,N,3495
3604,22-10-2024,2024-11-27 08:04:41,1,7,Y,N,3562
3851,29-10-2024,2024-11-20 18:44:21,4,4,N,N,3223
3612,30-10-2024,2024-11-04 11:15:06,1,6,N,N,3334
3916,04-10-2024,2024-11-18 08:52:33,2,1,N,N,3311
3804,22-10-2024,2024-11-16 17:38:17,3,10,Y,N,3333
3909,09-10-2024,2024-11-21 12:27:29,2,1,Y,N,3231
3689,29-10-2024,2024-11-24 17:42:50,4,7,Y,N,3541
3915,11-10-2024,2024-11-18 09:31:58,4,9,N,N,3530
3777,21-10-2024,2024-11-02 19:09:53,4,8,N,N,3299
3922,26-10-2024,2024-11-13 18:45:59,4,6,Y,N,3200
3890,09-10-2024,2024-11-13 13:55:54,2,10,Y,N,3512
3649,19-10-2024,2024-11-01 18:26:53,3,7,N,N,3238
3844,19-10-2024,2024-11-22 12:00:04,4,8,Y,N,3413
3807,25-10-2024,2024-11-09 20:35:41,3,9,Y,N,3344
3712,27-10-2024,2024-11-16 15:19:26,3,8,N,N,3212
3608,21-10-2024,2024-11-12 08:56:39,3,8,Y,N,3529
3840,16-10-2024,2024-11-09 12:47:10,4,2,Y,N,3382
3930,15-10-2024,2024-11-28 15:26:45,1,3,Y,N,3432
3634,22-10-2024,2024-11-04 14:34:18,4,10,Y,N,3538
3949,08-10-2024,2024-11-11 19:10:29,3,8,N,N,3311
3648,19-10-2024,2024-11-12 17:21:47,1,3,N,N,3240
3705,25-10-2024,2024-11-02 10:20:44,2,1,N,N,3430
3867,24-10-2024,2024-11-08 07:54:03,3,10,N,N,3325
3645,01-10-2024,2024-11-02 12:51:49,3,1,Y,N,3205
3708,29-10-2024,2024-11-19 19:37:03,3,5,Y,N,3449
3904,08-10-2024,2024-11-11 14:46:59,2,3,Y,N,3286
3815,12-10-2024,2024-11-08 10:22:09,3,5,Y,N,3240
3991,07-10-2024,2024-11-07 09:36:16,2,2,Y,N,3469
3848,27-10-2024,2024-11-08 10:41:04,2,1,Y,N,3207
3800,26-10-2024,2024-11-27 17:34:31,3,3,Y,N,3547
3971,04-10-2024,2024-11-20 18:56:51,2,10,Y,N,3570
3876,13-10-2024,2024-11-26 13:39:24,1,9,N,N,3400
3898,13-10-2024,2024-11-05 10:48:15,2,5,Y,N,3483
3873,11-10-2024,2024-11-29 20:27:49,1,4,N,N,3392
3717,19-10-2024,2024-11-08 09:10:14,4,4,Y,N,3236
3944,07-10-2024,2024-11-01 16:36:38,1,4,Y,N,3422
3947,17-10-2024,2024-11-20 12:49:15,4,1,Y,N,3366
3870,06-10-2024,2024-11-14 12:11:44,4,9,N,N,3273
3712,17-10-2024,2024-11-19 18:21:29,4,7,Y,N,3461
3930,08-10-2024,2024-11-06 17:05:56,4,4,N,N,3204
3918,27-10-2024,2024-11-17 10:42:00,1,6,N,N,3306
3631,17-10-2024,2024-11-25 18:38:37,3,10,N,N,3363
3792,03-10-2024,2024-11-14 13:14:57,3,1,Y,N,3398
3698,23-10-2024,2024-11-14 11:45:39,4,4,N,N,3520
3911,08-10-2024,2024-11-09 12:54:59,4,8,N,N,3301
3650,01-10-2024,2024-11-19 20:06:55,3,8,Y,N,3531
3851,21-10-2024,2024-11-16 13:06:54,1,8,N,N,3491
3739,19-10-2024,2024-11-07 12:13:56,4,1,Y,N,3525
3878,24-10-2024,2024-11-07 08:55:45,1,4,Y,N,3562
3823,23-10-2024,2024-11-25 12:42:16,4,10,Y,N,3264
3917,06-10-2024,2024-11-06 17:06:10,2,9,N,N,3537
3736,03-10-2024,2024-11-04 15:16:03,3,9,N,N,3243
3869,15-10-2024,2024-11-19 10:24:14,2,6,Y,N,3232
3879,22-10-2024,2024-11-12 10:59:33,1,4,Y,N,3241
3984,06-10-2024,2024-11-07 17:17:11,3,9,N,N,3282
3763,11-10-2024,2024-11-08 17:14:01,1,10,N,N,3257
3853,16-10-2024,2024-11-22 12:51:42,1,1,N,N,3420
3883,30-10-2024,2024-11-10 13:59:24,4,3,N,N,3229
3733,26-10-2024,2024-11-09 20:00:40,3,3,N,N,3289
3863,24-10-2024,2024-11-05 08:01:26,3,5,Y,N,3512
3745,07-10-2024,2024-11-07 20:41:05,3,7,N,N,3348
3830,08-10-2024,2024-11-09 16:46:26,2,7,Y,N,3249
3839,19-10-2024,2024-11-19 18:51:49,1,1,Y,N,3572
3972,15-10-2024,2024-11-29 14:41:13,4,8,Y,N,3582
3620,05-10-2024,2024-11-28 12:37:09,2,2,N,N,3565
3643,10-10-2024,2024-11-22 18:47:20,3,2,Y,N,3552
3721,09-10-2024,2024-11-02 16:38:24,2,2,N,N,3494
3731,05-10-2024,2024-11-25 07:28:41,2,4,N,N,3491
3986,02-10-2024,2024-11-11 20:08:31,3,1,Y,N,3287
3724,28-10-2024,2024-11-06 11:59:01,1,1,Y,N,3332
3970,21-10-2024,2024-11-23 10:20:42,3,4,N,N,3482
3754,14-10-2024,2024-11-03 17:05:23,3,7,N,N,3470
3664,18-10-2024,2024-11-08 07:49:07,2,6,Y,N,3344
3837,26-10-2024,2024-11-24 14:14:42,3,8,N,N,3496
3743,08-10-2024,2024-11-10 12:10:30,1,2,Y,N,3568
3839,03-10-2024,2024-11-16 12:23:50,2,8,N,N,3233
3607,24-10-2024,2024-11-18 15:06:19,1,6,N,N,3310
3765,10-10-2024,2024-11-14 17:18:31,2,9,N,N,3477
3623,29-10-2024,2024-11-26 12:45:15,1,3,N,N,3344
3617,05-10-2024,2024-11-29 14:43:41,1,6,N,N,3578
3855,12-10-2024,2024-11-12 14:07:49,3,9,N,N,3400
3929,26-10-2024,2024-11-10 14:38:44,2,8,Y,N,3321
3865,04-10-2024,2024-11-29 21:39:55,1,10,Y,N,3513
3988,01-10-2024,2024-11-11 20:33:15,2,4,Y,N,3539
3909,06-10-2024,2024-11-04 17:43:26,4,6,N,N,3233
3942,04-10-2024,2024-11-27 19:00:37,3,8,Y,N,3404
3827,20-10-2024,2024-11-14 13:23:19,2,8,Y,N,3402
3761,18-10-2024,2024-11-19 21:37:11,3,7,Y,N,3457
3816,25-10-2024,2024-11-19 15:44:29,2,6,Y,N,3573
3954,26-10-2024,2024-11-18 09:01:34,4,1,N,N,3416
3839,29-10-2024,2024-11-16 18:20:47,3,2,N,N,3463
3795,10-10-2024,2024-11-04 07:06:19,1,10,Y,N,3269
3848,28-10-2024,2024-11-28 15:35:16,4,8,Y,N,3345
3935,21-10-2024,2024-11-21 07:03:54,4,5,Y,N,3319
3951,15-10-2024,2024-11-05 15:10:22,2,1,Y,N,3468
3674,10-10-2024,2024-11-02 16:30:46,4,6,Y,N,3350
3866,28-10-2024,2024-11-09 17:30:41,3,5,N,N,3395
3707,11-10-2024,2024-11-09 11:58:44,2,10,N,N,3565
3714,29-10-2024,2024-11-02 08:25:40,1,1,Y,N,3230
3969,07-10-2024,2024-11-04 10:40:51,1,5,Y,N,3410
3666,18-10-2024,2024-11-03 17:07:32,4,7,N,N,3252
3757,10-10-2024,2024-11-23 11:42:19,3,3,Y,N,3317
3773,09-10-2024,2024-11-16 20:00:01,2,10,N,N,3323
3705,26-10-2024,2024-11-24 14:04:49,4,5,N,N,3251
3637,19-10-2024,2024-11-24 14:08:37,4,6,Y,N,3207
3962,08-10-2024,2024-11-24 11:04:41,4,4,N,N,3483
3989,29-10-2024,2024-11-02 09:56:03,4,3,N,N,3249
3643,16-10-2024,2024-11-13 18:02:22,3,3,Y,N,3241
3904,07-10-2024,2024-11-27 20:09:58,4,2,Y,N,3351
3614,23-10-2024,2024-11-11 20:37:49,1,5,Y,N,3302
3725,25-10-2024,2024-11-03 18:55:46,3,5,Y,N,3521
3779,22-10-2024,2024-11-28 16:39:14,2,9,N,N,3479
3690,16-10-2024,2024-11-22 08:07:26,3,2,Y,N,3428
3610,11-10-2024,2024-11-10 10:16:49,3,1,Y,N,3471
3615,29-10-2024,2024-11-03 07:13:45,3,10,N,N,3420
3948,30-10-2024,2024-11-17 20:17:30,2,6,Y,N,3303
3978,21-10-2024,2024-11-14 09:27:56,4,4,N,N,3467
3661,22-10-2024,2024-11-17 09:21:19,4,1,N,N,3514
3962,08-10-2024,2024-11-29 20:14:37,1,10,N,N,3380
3905,29-10-2024,2024-11-09 15:56:21,2,5,Y,N,3270
3698,24-10-2024,2024-11-11 09:14:43,1,8,Y,N,3561
3715,10-10-2024,2024-11-15 11:45:34,3,1,Y,N,3275
3958,01-10-2024,2024-11-29 10:30:29,3,9,N,N,3218
3685,13-10-2024,2024-11-02 11:41:45,3,3,Y,N,3561
3835,16-10-2024,2024-11-05 21:19:42,1,2,Y,N,3514
3720,21-10-2024,2024-11-23 17:34:37,3,4,Y,N,3264
3647,15-10-2024,2024-11-10 10:39:38,3,9,Y,N,3452
3658,06-10-2024,2024-11-18 13:58:10,3,2,N,N,3570
3898,02-10-2024,2024-11-29 17:51:13,4,4,Y,N,3365
3621,12-10-2024,2024-11-16 13:59:24,2,6,N,N,3206
3933,20-10-2024,2024-11-17 14:59:51,4,4,Y,N,3363
3874,30-10-2024,2024-11-08 18:40:10,2,8,N,N,3400
3700,03-10-2024,2024-11-21 09:00:48,4,10,N,N,3487
3729,03-10-2024,2024-11-08 10:00:46,1,10,N,N,3351
3661,02-10-2024,2024-11-26 11:26:41,3,8,N,N,3282
3679,17-10-2024,2024-11-14 14:22:01,3,10,N,N,3267
3950,05-10-2024,2024-11-07 20:32:17,4,5,N,N,3200
3856,22-10-2024,2024-11-28 14:49:32,4,10,N,N,3478
3631,04-10-2024,2024-11-21 09:06:17,4,9,N,N,3472
3605,28-10-2024,2024-11-03 14:03:01,2,2,Y,N,3365
3717,16-10-2024,2024-11-07 15:35:55,2,4,Y,N,3248
3799,07-10-2024,2024-11-12 09:44:53,1,4,N,N,3217
3616,07-10-2024,2024-11-23 16:02:49,4,3,N,N,3257
3834,18-10-2024,2024-11-20 11:37:45,2,9,N,N,3330
3922,26-10-2024,2024-11-20 10:41:39,3,5,N,N,3363
3752,04-10-2024,2024-11-08 14:44:49,3,5,N,N,3225
3992,30-10-2024,2024-11-17 12:28:33,3,1,Y,N,3342
3993,11-10-2024,2024-11-29 16:43:21,3,6,Y,N,3443
3628,03-10-2024,2024-11-12 18:49:01,2,4,N,N,3534
3718,08-10-2024,2024-11-27 17:16:27,1,2,N,N,3312
3781,14-10-2024,2024-11-27 14:13:36,4,3,Y,N,3487
3961,28-10-2024,2024-11-06 09:27:27,4,4,N,N,3297
3900,27-10-2024,2024-11-14 21:24:23,1,10,Y,N,3225
3827,15-10-2024,2024-11-02 12:25:34,2,9,Y,N,3317
3790,10-10-2024,2024-11-25 21:06:07,1,6,N,N,3475
3983,06-10-2024,2024-11-03 14:09:16,1,10,Y,N,3342
3939,12-10-2024,2024-11-28 12:03:41,1,1,Y,N,3327
3806,06-10-2024,2024-11-29 13:24:49,3,6,N,N,3440
3929,24-10-2024,2024-11-23 16:32:57,3,4,Y,N,3517
3682,30-10-2024,2024-11-25 12:26:45,2,4,N,N,3267
3666,01-10-2024,2024-11-02 18:52:04,3,1,N,N,3204
3741,26-10-2024,2024-11-04 18:15:22,3,5,Y,N,3260
3820,30-10-2024,2024-11-09 20:15:06,3,1,Y,N,3563
3824,02-10-2024,2024-11-03 18:58:52,3,5,Y,N,3359
3673,04-10-2024,2024-11-23 17:18:22,1,3,Y,N,3572
3886,02-10-2024,2024-11-06 17:11:09,4,6,Y,N,3392
3681,29-10-2024,2024-11-03 15:26:59,1,9,N,N,3237
3820,17-10-2024,2024-11-16 17:55:32,2,5,Y,N,3551
3965,23-10-2024,2024-11-01 20:57:05,2,6,N,N,3592
3969,19-10-2024,2024-11-29 20:05:19,3,1,N,N,3557
3601,15-10-2024,2024-11-05 13:00:45,3,10,Y,N,3264
3602,29-10-2024,2024-11-08 17:35:40,2,1,N,N,3576
3620,17-10-2024,2024-11-29 12:56:35,3,7,Y,N,3279
3848,16-10-2024,2024-11-17 16:54:34,4,5,Y,N,3401
3856,25-10-2024,2024-11-22 15:26:06,3,6,N,N,3510
3837,21-10-2024,2024-11-14 18:38:29,1,2,Y,N,3470
3692,12-10-2024,2024-11-02 14:29:35,1,10,N,N,3382
3640,12-10-2024,2024-11-06 07:01:10,1,1,N,N,3451
3821,08-10-2024,2024-11-21 12:14:56,4,5,Y,N,3432
3968,26-10-2024,2024-11-28 17:42:34,2,8,N,N,3450
3714,06-10-2024,2024-11-10 19:30:44,3,7,Y,N,3441
3832,21-10-2024,2024-11-27 18:14:38,2,8,N,N,3366
3861,10-10-2024,2024-11-05 14:57:27,4,9,Y,N,3540
3896,26-10-2024,2024-11-19 19:54:02,2,3,N,N,3423
3682,21-10-2024,2024-11-16 16:02:01,4,5,Y,N,3501
3733,17-10-2024,2024-11-05 20:25:06,4,3,N,N,3478
3850,24-10-2024,2024-11-23 07:00:53,1,3,Y,N,3358
3733,02-10-2024,2024-11-07 09:52:59,2,10,Y,N,3460
3649,28-10-2024,2024-11-10 16:26:07,3,10,Y,N,3293
3957,21-10-2024,2024-11-27 19:02:52,1,10,Y,N,3541
3733,17-10-2024,2024-11-18 15:09:10,2,8,Y,N,3226
3603,05-10-2024,2024-11-13 11:02:54,2,1,N,N,3564
3684,27-10-2024,2024-11-09 09:31:17,1,6,Y,N,3436
3607,08-10-2024,2024-11-21 18:48:42,3,7,Y,N,3516
3622,07-10-2024,2024-11-27 14:39:02,2,8,N,N,3280
3709,03-10-2024,2024-11-12 11:01:13,2,5,N,N,3306
3965,21-10-2024,2024-11-01 12:37:27,3,1,N,N,3501
3681,22-10-2024,2024-11-10 16:26:49,1,5,Y,N,3587
3790,26-10-2024,2024-11-27 16:01:12,4,8,N,N,3444
3734,20-10-2024,2024-11-20 19:01:59,4,10,N,N,3595
3606,22-10-2024,2024-11-20 14:58:34,4,10,Y,N,3546
3775,07-10-2024,2024-11-02 18:45:35,1,6,Y,N,3471
3729,27-10-2024,2024-11-24 10:23:49,1,10,Y,N,3352
3741,05-10-2024,2024-11-01 08:47:19,2,10,N,N,3264
3986,07-10-2024,2024-11-11 17:53:04,2,10,Y,N,3549
3764,14-10-2024,2024-11-23 12:56:25,2,7,Y,N,3303
3775,25-10-2024,2024-11-10 16:31:59,4,8,Y,N,3282
3799,15-10-2024,2024-11-10 16:02:22,1,5,N,N,3228
3685,25-10-2024,2024-11-05 18:27:48,3,3,N,N,3318
3723,10-10-2024,2024-11-01 10:16:28,2,9,Y,N,3365
3951,16-10-2024,2024-11-08 14:13:42,2,9,Y,N,3250
3607,24-10-2024,2024-11-04 13:51:50,2,7,Y,N,3406
3920,17-10-2024,2024-11-20 20:30:36,1,3,N,N,3426
3743,24-10-2024,2024-11-04 21:16:57,1,7,Y,N,3379
3935,30-10-2024,2024-11-13 18:44:29,1,3,N,N,3254
3733,07-10-2024,2024-11-11 15:17:55,2,3,Y,N,3521
3984,11-10-2024,2024-11-14 13:01:19,1,6,N,N,3245
3626,12-10-2024,2024-11-09 14:58:40,2,3,Y,N,3407
3724,29-10-2024,2024-11-15 16:21:04,2,9,Y,N,3345
3952,05-10-2024,2024-11-09 16:59:13,1,1,Y,N,3482
3733,03-10-2024,2024-11-09 17:57:53,1,2,N,N,3283
3766,08-10-2024,2024-11-02 20:30:05,3,1,Y,N,3529
3765,23-10-2024,2024-11-07 19:42:30,2,9,N,N,3588
3617,24-10-2024,2024-11-10 20:01:32,3,8,N,N,3203
3610,23-10-2024,2024-11-19 14:50:12,3,10,Y,N,3556
3985,05-10-2024,2024-11-08 15:46:45,2,9,Y,N,3433
3623,05-10-2024,2024-11-23 09:40:37,1,5,N,N,3456
3792,21-10-2024,2024-11-06 08:13:36,3,7,N,N,3525
3666,16-10-2024,2024-11-29 13:05:27,3,1,N,N,3290
3794,11-10-2024,2024-11-16 15:02:08,2,4,N,N,3307
3743,16-10-2024,2024-11-29 11:27:04,2,3,N,N,3549
3890,25-10-2024,2024-11-24 11:46:22,1,4,N,N,3228
3805,22-10-2024,2024-11-06 17:32:49,3,2,Y,N,3406
3945,16-10-2024,2024-11-22 14:44:49,4,6,Y,N,3590
3944,03-10-2024,2024-11-16 13:38:46,2,8,N,N,3528
3890,09-10-2024,2024-11-08 16:29:55,1,4,Y,N,3376
3883,17-10-2024,2024-11-23 07:16:00,1,7,N,N,3268
3805,05-10-2024,2024-11-24 09:27:56,3,1,N,N,3566
3689,23-10-2024,2024-11-09 15:05:38,4,3,Y,N,3455
3862,22-10-2024,2024-11-14 11:48:19,2,8,N,N,3261
3734,24-10-2024,2024-11-26 11:00:19,3,6,N,N,3496
3711,19-10-2024,2024-11-23 17:39:09,3,6,N,N,3583
3695,29-10-2024,2024-11-07 19:40:44,1,7,Y,N,3274
3956,11-10-2024,2024-11-10 17:23:20,2,7,N,N,3350
3815,18-10-2024,2024-11-03 13:33:27,4,7,N,N,3445
3638,21-10-2024,2024-11-26 11:01:10,2,1,N,N,3392
3659,14-10-2024,2024-11-06 20:28:25,4,2,N,N,3327
3920,22-10-2024,2024-11-19 16:43:33,4,8,N,N,3286
3785,13-10-2024,2024-11-24 18:59:43,4,4,Y,N,3347
3693,14-10-2024,2024-11-14 12:31:40,4,10,Y,N,3492
3889,22-10-2024,2024-11-24 12:09:14,4,8,N,N,3289
3979,01-10-2024,2024-11-11 13:04:39,1,7,Y,N,3396
3912,21-10-2024,2024-11-05 12:30:27,2,4,Y,N,3510
3867,13-10-2024,2024-11-04 17:02:06,3,3,Y,N,3451
3916,23-10-2024,2024-11-23 10:25:12,4,1,N,N,3331
3681,12-10-2024,2024-11-18 11:36:58,4,6,Y,N,3415
3749,13-10-2024,2024-11-11 11:33:10,1,6,N,N,3333
3738,21-10-2024,2024-11-18 15:32:25,4,1,N,N,3590
3694,29-10-2024,2024-11-19 11:29:18,2,1,N,N,3576
3757,02-10-2024,2024-11-02 07:11:19,2,8,N,N,3443
3986,16-10-2024,2024-11-09 09:13:24,1,10,N,N,3257
3969,28-10-2024,2024-11-15 18:24:28,2,1,N,N,3449
3827,09-10-2024,2024-11-10 13:04:39,4,9,Y,N,3592
3730,08-10-2024,2024-11-24 09:06:50,1,5,N,N,3345
3749,16-10-2024,2024-11-16 21:42:32,4,6,Y,N,3412
3667,02-10-2024,2024-11-12 17:13:28,2,4,Y,N,3489
3754,07-10-2024,2024-11-05 12:50:04,1,6,N,N,3245
3962,22-10-2024,2024-11-02 20:57:30,1,4,Y,N,3215
3722,18-10-2024,2024-11-22 07:09:48,4,3,N,N,3526
3614,01-10-2024,2024-11-01 11:32:57,4,1,N,N,3349
3687,02-10-2024,2024-11-20 21:21:08,2,6,Y,N,3435
3883,15-10-2024,2024-11-25 15:55:52,2,4,N,N,3217
3707,04-10-2024,2024-11-12 12:25:07,1,4,Y,N,3464
3793,02-10-2024,2024-11-15 20:58:34,4,4,Y,N,3315
3770,18-10-2024,2024-11-04 14:40:47,2,4,N,N,3223
3676,11-10-2024,2024-11-26 13:45:29,3,10,Y,N,3339
3781,25-10-2024,2024-11-13 12:00:33,4,2,N,N,3490
3760,22-10-2024,2024-11-17 11:11:34,4,5,Y,N,3549
3643,12-10-2024,2024-11-06 16:30:06,3,5,N,N,3231
3788,01-10-2024,2024-11-17 08:55:14,2,6,Y,N,3308
3610,02-10-2024,2024-11-17 19:28:02,3,6,Y,N,3566
3879,23-10-2024,2024-11-09 09:00:41,2,10,N,N,3576
3990,27-10-2024,2024-11-29 15:52:13,3,8,N,N,3337
3665,07-10-2024,2024-11-07 12:06:24,3,5,N,N,3221
3805,26-10-2024,2024-11-08 14:58:05,2,2,Y,N,3319
3615,27-10-2024,2024-11-12 18:53:41,3,7,Y,N,3364
3638,18-10-2024,2024-11-06 14:17:01,3,2,Y,N,3311
3954,30-10-2024,2024-11-01 14:36:37,1,1,N,N,3549
3791,02-10-2024,2024-11-04 12:52:46,1,4,N,N,3252
3960,27-10-2024,2024-11-08 18:26:36,1,2,N,N,3245
3721,27-10-2024,2024-11-02 15:33:45,3,2,Y,N,3257
3644,20-10-2024,2024-11-21 15:01:55,2,6,Y,N,3413
3665,16-10-2024,2024-11-13 19:43:24,2,6,N,N,3247
3656,06-10-2024,2024-11-17 11:52:00,1,8,N,N,3319
3912,26-10-2024,2024-11-13 09:12:17,4,7,N,N,3280
3819,19-10-2024,2024-11-29 15:21:07,3,7,Y,N,3551
3725,17-10-2024,2024-11-09 15:14:22,2,10,Y,N,3588
3678,22-10-2024,2024-11-21 21:58:24,3,4,Y,N,3377
3878,27-10-2024,2024-11-24 12:17:30,3,4,Y,N,3201
3789,20-10-2024,2024-11-20 07:17:38,4,7,Y,N,3412
3820,25-10-2024,2024-11-24 19:18:30,1,8,N,N,3364
3601,04-10-2024,2024-11-11 12:27:42,3,5,N,N,3331
3919,03-10-2024,2024-11-27 10:10:25,2,3,N,N,3447
3711,13-10-2024,2024-11-09 13:41:55,1,1,N,N,3395
3791,10-10-2024,2024-11-27 14:20:50,4,1,N,N,3334
3976,03-10-2024,2024-11-23 11:29:41,1,2,Y,N,3348
3979,14-10-2024,2024-11-03 10:35:58,3,6,N,N,3596
3785,25-10-2024,2024-11-02 11:58:56,1,3,N,N,3376
3845,09-10-2024,2024-11-23 18:54:51,4,1,Y,N,3432
3860,20-10-2024,2024-11-21 08:43:40,4,10,Y,N,3341
3801,12-10-2024,2024-11-16 19:19:38,1,10,Y,N,3501
3666,30-10-2024,2024-11-17 09:15:35,1,5,N,N,3284
3805,24-10-2024,2024-11-12 19:21:39,2,7,Y,N,3270
3930,28-10-2024,2024-11-02 18:57:57,3,8,N,N,3393
3883,23-10-2024,2024-11-03 14:20:21,1,4,Y,N,3410
3869,13-10-2024,2024-11-09 19:08:54,4,7,Y,N,3431
3761,25-10-2024,2024-11-22 09:35:47,3,4,N,N,3374
3826,16-10-2024,2024-11-04 18:02:09,3,7,N,N,3552
3759,06-10-2024,2024-11-14 13:48:33,2,6,Y,N,3269
3846,24-10-2024,2024-11-11 17:55:21,1,7,N,N,3334
3799,19-10-2024,2024-11-25 12:20:50,1,10,Y,N,3585
3829,21-10-2024,2024-11-12 16:19:43,3,2,N,N,3253
3786,30-10-2024,2024-11-10 10:05:46,1,4,N,N,3366
3790,16-10-2024,2024-11-29 17:49:01,1,4,Y,N,3463
3937,12-10-2024,2024-11-25 11:07:06,1,1,N,N,3440
3812,26-10-2024,2024-11-24 08:25:39,3,5,N,N,3573
3723,15-10-2024,2024-11-13 13:15:33,1,7,Y,N,3282
3717,18-10-2024,2024-11-16 13:43:04,2,6,N,N,3550
3989,06-10-2024,2024-11-24 09:57:50,2,2,N,N,3349
3686,27-10-2024,2024-11-15 09:30:39,1,3,N,N,3244
3641,27-10-2024,2024-11-29 07:05:10,2,7,N,N,3434
3912,03-10-2024,2024-11-03 11:02:02,4,9,Y,N,3379
3836,18-10-2024,2024-11-05 13:16:52,3,5,N,N,3412
3779,17-10-2024,2024-11-10 11:44:05,3,9,Y,N,3259
3683,12-10-2024,2024-11-29 12:02:48,2,10,Y,N,3245
3626,26-10-2024,2024-11-19 11:05:21,1,2,Y,N,3405
3661,13-10-2024,2024-11-25 11:38:22,2,7,Y,N,3434
3760,10-10-2024,2024-11-11 13:42:25,1,4,Y,N,3273
3692,13-10-2024,2024-11-19 10:13:46,3,2,Y,N,3372
3624,04-10-2024,2024-11-29 08:56:20,1,7,N,N,3439
3848,03-10-2024,2024-11-18 11:34:57,4,5,Y,N,3218
3892,23-10-2024,2024-11-17 10:54:09,2,7,Y,N,3248
3752,30-10-2024,2024-11-12 11:32:33,1,7,N,N,3505
3765,28-10-2024,2024-11-11 15:19:29,1,6,N,N,3268
3855,20-10-2024,2024-11-01 12:48:43,1,3,Y,N,3390
3953,27-10-2024,2024-11-11 21:14:55,3,8,Y,N,3551
3611,07-10-2024,2024-11-17 18:35:31,3,10,Y,N,3498
3871,26-10-2024,2024-11-28 16:12:10,3,3,Y,N,3306
3607,09-10-2024,2024-11-02 14:48:11,2,10,Y,N,3563
3628,01-10-2024,2024-11-24 15:26:54,2,6,N,N,3208
3745,04-10-2024,2024-11-15 10:37:58,4,8,N,N,3265
3603,12-10-2024,2024-11-23 14:57:29,3,1,N,N,3438
3688,19-10-2024,2024-11-09 10:29:53,4,3,N,N,3409
3915,19-10-2024,2024-11-01 13:48:02,3,10,Y,N,3449
3805,26-10-2024,2024-11-23 11:52:39,3,6,Y,N,3501
3795,07-10-2024,2024-11-14 20:22:20,3,3,Y,N,3492
3987,13-10-2024,2024-11-03 21:58:31,1,7,Y,N,3214
3979,19-10-2024,2024-11-09 07:33:04,2,5,N,N,3597
3710,27-10-2024,2024-11-26 11:43:26,1,4,Y,N,3423
3670,07-10-2024,2024-11-18 17:07:18,1,4,Y,N,3349
3721,13-10-2024,2024-11-20 07:11:02,2,2,Y,N,3399
3664,03-10-2024,2024-11-26 15:39:28,1,1,Y,N,3531
3729,06-10-2024,2024-11-11 12:35:49,3,1,N,N,3525
3753,01-10-2024,2024-11-29 17:55:53,4,8,N,N,3585
3920,30-10-2024,2024-11-09 12:28:23,2,3,Y,N,3516
3820,10-10-2024,2024-11-23 18:37:52,1,10,Y,N,3306
3795,07-10-2024,2024-11-23 15:42:28,1,7,Y,N,3300
3985,18-10-2024,2024-11-22 11:18:41,1,8,N,N,3516
3739,02-10-2024,2024-11-25 18:40:58,1,10,Y,N,3471
3722,02-10-2024,2024-11-29 08:06:21,3,9,N,N,3240
3642,01-10-2024,2024-11-23 08:45:22,2,2,Y,N,3210
3947,17-10-2024,2024-11-14 16:44:34,2,9,N,N,3312
3879,23-10-2024,2024-11-12 16:55:20,2,10,Y,N,3348
3650,21-10-2024,2024-11-22 14:49:41,3,3,N,N,3511
3985,05-10-2024,2024-11-20 16:50:09,3,3,Y,N,3254
3915,02-10-2024,2024-11-11 13:32:17,4,4,Y,N,3242
3644,11-10-2024,2024-11-20 18:45:20,3,1,N,N,3444
3796,22-10-2024,2024-11-23 11:30:21,2,10,Y,N,3556
3961,27-10-2024,2024-11-09 10:03:07,3,6,Y,N,3421
3829,07-10-2024,2024-11-16 09:35:13,1,9,Y,N,3513
3973,17-10-2024,2024-11-24 14:37:44,1,1,N,N,3315
3837,20-10-2024,2024-11-25 16:01:47,2,9,Y,N,3267
3628,24-10-2024,2024-11-04 17:09:36,1,1,N,N,3213
3797,14-10-2024,2024-11-02 21:59:03,2,1,N,N,3229
3751,15-10-2024,2024-11-24 10:07:21,3,5,Y,N,3334
3870,10-10-2024,2024-11-19 10:52:18,1,4,N,N,3455
3614,18-10-2024,2024-11-28 15:27:43,1,2,Y,N,3328
3844,16-10-2024,2024-11-05 10:31:42,1,9,Y,N,3316
3981,25-10-2024,2024-11-06 19:31:17,4,5,N,N,3421
3971,23-10-2024,2024-11-06 21:11:09,2,3,N,N,3555
3698,08-10-2024,2024-11-05 08:06:31,2,6,Y,N,3444
3904,08-10-2024,2024-11-08 07:46:14,2,3,N,N,3569
3970,15-10-2024,2024-11-26 10:51:20,2,8,Y,N,3423
3665,01-10-2024,2024-11-06 11:10:01,2,1,N,N,3500
3893,26-10-2024,2024-11-06 18:24:03,1,2,N,N,3244
3620,21-10-2024,2024-11-02 07:56:19,3,6,Y,N,3225
3875,18-10-2024,2024-11-26 13:45:30,1,2,Y,N,3426
3982,06-10-2024,2024-11-15 10:35:54,3,4,Y,N,3564
3884,13-10-2024,2024-11-29 16:25:53,3,5,Y,N,3414
3734,12-10-2024,2024-11-27 11:24:51,1,4,Y,N,3494
3896,07-10-2024,2024-11-11 17:09:55,3,2,N,N,3578
3926,12-10-2024,2024-11-04 07:14:48,2,1,N,N,3440
3830,08-10-2024,2024-11-10 11:04:22,3,2,Y,N,3409
3939,06-10-2024,2024-11-10 12:13:21,1,4,Y,N,3331
3688,14-10-2024,2024-11-25 17:03:32,1,3,Y,N,3462
3830,13-10-2024,2024-11-29 14:40:32,1,9,Y,N,3509
3842,01-10-2024,2024-11-06 19:19:05,1,4,N,N,3351
3778,28-10-2024,2024-11-06 18:47:35,1,3,Y,N,3587
3641,22-10-2024,2024-11-19 14:52:46,2,5,Y,N,3484
3731,03-10-2024,2024-11-25 16:24:38,2,2,Y,N,3347
3678,22-10-2024,2024-11-20 14:45:22,4,6,Y,N,3462
3714,13-10-2024,2024-11-23 17:42:17,3,6,Y,N,3345
3970,17-10-2024,2024-11-02 11:00:52,2,7,Y,N,3449
3746,01-10-2024,2024-11-22 16:15:16,2,5,N,N,3357
3813,05-10-2024,2024-11-26 13:15:56,4,9,Y,N,3354
3760,09-10-2024,2024-11-15 11:06:21,1,1,N,N,3594
3774,12-10-2024,2024-11-22 07:40:20,2,7,Y,N,3202
3930,15-10-2024,2024-11-21 09:36:41,1,10,N,N,3350
3797,23-10-2024,2024-11-15 07:14:15,3,6,N,N,3527
3965,15-10-2024,2024-11-16 13:28:25,4,7,N,N,3286
3720,22-10-2024,2024-11-09 17:28:54,4,4,Y,N,3456
3804,09-10-2024,2024-11-07 12:37:54,3,7,N,N,3441
3744,17-10-2024,2024-11-16 14:55:09,2,10,Y,N,3325
3732,02-10-2024,2024-11-28 15:42:08,2,9,Y,N,3412
3690,10-10-2024,2024-11-05 10:42:50,2,6,N,N,3592
3799,12-10-2024,2024-11-11 07:59:59,2,2,Y,N,3489
3947,16-10-2024,2024-11-25 18:31:38,2,5,N,N,3476
3743,11-10-2024,2024-11-16 13:13:36,2,7,Y,N,3521
3829,27-10-2024,2024-11-06 13:48:34,3,5,N,N,3343
3730,30-10-2024,2024-11-23 14:03:33,4,5,Y,N,3214
3992,28-10-2024,2024-11-21 13:15:04,1,10,N,N,3454
3873,08-10-2024,2024-11-29 13:41:12,2,6,Y,N,3280
3961,23-10-2024,2024-11-19 17:03:03,3,6,N,N,3336
3625,20-10-2024,2024-11-10 18:21:58,3,2,Y,N,3581
3926,09-10-2024,2024-11-18 15:06:42,4,7,Y,N,3568
3776,23-10-2024,2024-11-05 17:57:05,3,8,N,N,3561
3616,28-10-2024,2024-11-28 19:54:33,3,8,Y,N,3257
3856,15-10-2024,2024-11-16 10:03:15,2,8,Y,N,3419
3811,20-10-2024,2024-11-25 16:48:50,1,6,Y,N,3322
3685,24-10-2024,2024-11-05 07:25:55,4,3,Y,N,3592
3717,16-10-2024,2024-11-10 13:00:56,2,6,N,N,3226
3832,05-10-2024,2024-11-12 13:50:39,2,8,Y,N,3491
3795,15-10-2024,2024-11-09 15:08:15,3,4,Y,N,3475
3798,16-10-2024,2024-11-24 18:42:32,4,5,Y,N,3541
3682,03-10-2024,2024-11-24 15:45:58,1,2,N,N,3467
3735,13-10-2024,2024-11-23 15:01:51,1,2,N,N,3328
3659,10-10-2024,2024-11-23 14:54:30,1,5,Y,N,3490
3846,09-10-2024,2024-11-14 22:00:10,3,6,N,N,3374
3735,18-10-2024,2024-11-16 16:11:48,4,7,N,N,3549
3893,23-10-2024,2024-11-19 12:25:12,3,6,Y,N,3223
3691,03-10-2024,2024-11-09 12:02:37,4,9,N,N,3588
3929,03-10-2024,2024-11-18 16:54:34,4,8,N,N,3410
3946,30-10-2024,2024-11-27 14:07:24,2,8,N,N,3202
3648,11-10-2024,2024-11-05 13:20:28,1,7,N,N,3359
3685,26-10-2024,2024-11-15 13:08:22,2,8,N,N,3541
3737,26-10-2024,2024-11-18 20:32:59,2,4,Y,N,3538
3828,30-10-2024,2024-11-28 14:18:44,4,1,Y,N,3337
3759,02-10-2024,2024-11-14 11:03:11,1,10,N,N,3508
3757,08-10-2024,2024-11-23 20:00:10,2,5,Y,N,3577
3792,07-10-2024,2024-11-09 09:53:33,3,4,Y,N,3262
3849,07-10-2024,2024-11-10 20:02:25,3,2,Y,N,3455
3990,18-10-2024,2024-11-12 18:07:05,1,2,N,N,3367
3964,23-10-2024,2024-11-11 15:12:09,3,3,Y,N,3421
3951,24-10-2024,2024-11-04 17:41:42,4,7,Y,N,3565
3831,02-10-2024,2024-11-15 16:43:22,2,5,N,N,3268
3669,06-10-2024,2024-11-08 13:20:14,2,9,N,N,3409
3899,29-10-2024,2024-11-15 18:47:37,3,8,N,N,3214
3753,06-10-2024,2024-11-22 18:58:03,4,4,Y,N,3380
3909,25-10-2024,2024-11-02 10:03:34,4,6,N,N,3290
3757,15-10-2024,2024-11-26 12:01:18,3,8,N,N,3211
3758,13-10-2024,2024-11-02 14:30:57,3,6,N,N,3341
3724,21-10-2024,2024-11-22 17:29:13,3,2,Y,N,3241
3981,03-10-2024,2024-11-24 13:26:33,1,3,N,N,3205
3713,12-10-2024,2024-11-15 21:44:09,4,7,Y,N,3585
3806,27-10-2024,2024-11-28 13:06:33,3,3,Y,N,3538
3615,03-10-2024,2024-11-03 15:36:59,4,4,N,N,3320
3915,16-10-2024,2024-11-12 12:50:11,3,7,N,N,3567
3915,09-10-2024,2024-11-01 16:18:01,3,10,Y,N,3353
3742,16-10-2024,2024-11-25 07:47:10,1,2,Y,N,3509
3744,12-10-2024,2024-11-29 10:29:27,1,4,N,N,3518
3646,30-10-2024,2024-11-07 08:41:01,3,2,Y,N,3264
3927,08-10-2024,2024-11-15 17:51:47,2,10,N,N,3233
3706,05-10-2024,2024-11-19 12:23:40,4,1,N,N,3211
3769,08-10-2024,2024-11-01 17:32:02,4,7,Y,N,3562
3628,04-10-2024,2024-11-07 15:06:28,2,4,N,N,3217
3989,24-10-2024,2024-11-24 14:16:26,3,9,N,N,3289
3901,07-10-2024,2024-11-15 13:59:45,2,1,N,N,3307
3700,06-10-2024,2024-11-09 21:34:08,1,2,Y,N,3333
3690,16-10-2024,2024-11-16 21:51:45,3,8,N,N,3484
3806,07-10-2024,2024-11-25 09:49:55,4,3,Y,N,3535
3704,03-10-2024,2024-11-29 21:49:10,3,8,Y,N,3330
3856,19-10-2024,2024-11-09 10:35:58,3,4,N,N,3590
3757,08-10-2024,2024-11-06 17:54:23,1,8,Y,N,3298
3760,14-10-2024,2024-11-02 14:38:14,1,3,N,N,3481
3820,27-10-2024,2024-11-09 09:45:13,4,8,Y,N,3287
3851,27-10-2024,2024-11-14 13:05:00,4,6,N,N,3566
3869,23-10-2024,2024-11-20 11:55:18,3,6,N,N,3334
3858,05-10-2024,2024-11-26 18:20:22,2,5,N,N,3286
3917,07-10-2024,2024-11-22 18:50:18,1,1,Y,N,3552
3904,18-10-2024,2024-11-10 15:04:12,2,1,N,N,3210
3920,10-10-2024,2024-11-19 20:11:08,3,8,Y,N,3414
3670,23-10-2024,2024-11-26 16:26:20,1,5,N,N,3393
3627,15-10-2024,2024-11-05 10:38:31,2,1,N,N,3339
3699,11-10-2024,2024-11-13 14:12:35,1,6,N,N,3370
3704,15-10-2024,2024-11-17 13:08:29,4,8,N,N,3502
3641,21-10-2024,2024-11-14 09:45:31,3,9,Y,N,3238
3989,11-10-2024,2024-11-02 19:13:17,3,9,N,N,3317
3987,09-10-2024,2024-11-21 21:47:48,2,5,Y,N,3493
3600,12-10-2024,2024-11-17 13:44:39,4,4,N,N,3400
3666,19-10-2024,2024-11-16 19:21:21,2,7,Y,N,3483
3648,17-10-2024,2024-11-26 13:29:06,2,6,N,N,3504
3773,18-10-2024,2024-11-18 13:00:58,1,10,Y,N,3447
3974,25-10-2024,2024-11-01 08:39:40,2,6,Y,N,3275
3633,06-10-2024,2024-11-14 16:06:50,3,5,Y,N,3473
3759,04-10-2024,2024-11-02 09:25:07,1,4,Y,N,3380
3929,04-10-2024,2024-11-27 12:08:57,2,6,Y,N,3312
3703,26-10-2024,2024-11-26 15:20:46,4,9,Y,N,3405
3822,17-10-2024,2024-11-04 11:30:28,4,6,Y,N,3478
3819,24-10-2024,2024-11-07 07:14:41,2,7,Y,N,3228
3921,27-10-2024,2024-11-13 14:53:10,1,8,Y,N,3239
3730,19-10-2024,2024-11-07 14:00:20,4,7,Y,N,3507
3801,26-10-2024,2024-11-13 12:39:29,1,9,Y,N,3312
3982,08-10-2024,2024-11-17 15:39:26,1,2,N,N,3211
3837,22-10-2024,2024-11-02 10:14:40,2,2,Y,N,3344
3633,05-10-2024,2024-11-05 14:09:39,1,6,N,N,3218
3898,10-10-2024,2024-11-25 08:24:49,4,3,N,N,3354
3906,18-10-2024,2024-11-03 15:09:00,1,3,N,N,3249
3975,02-10-2024,2024-11-02 21:01:10,1,5,Y,N,3494
3605,25-10-2024,2024-11-17 18:32:01,4,9,Y,N,3574
3698,07-10-2024,2024-11-24 12:52:58,2,10,N,N,3325
3878,16-10-2024,2024-11-26 10:24:44,4,8,N,N,3502
3654,09-10-2024,2024-11-07 12:03:33,1,1,N,N,3339
3923,14-10-2024,2024-11-29 13:26:22,2,8,N,N,3246
3665,10-10-2024,2024-11-01 13:44:29,4,8,Y,N,3389
3707,26-10-2024,2024-11-02 17:41:05,2,3,N,N,3403
3804,30-10-2024,2024-11-26 11:05:49,1,6,N,N,3460
3855,13-10-2024,2024-11-09 17:42:35,1,3,Y,N,3370
3710,08-10-2024,2024-11-26 14:22:55,4,1,N,N,3252
3794,01-10-2024,2024-11-08 18:39:40,4,5,Y,N,3572
3902,15-10-2024,2024-11-06 18:43:17,4,9,N,N,3594
3937,25-10-2024,2024-11-19 21:14:21,3,6,Y,N,3296
3689,28-10-2024,2024-11-06 12:25:28,3,7,N,N,3357
3847,10-10-2024,2024-11-04 13:44:19,1,10,N,N,3414
3934,15-10-2024,2024-11-29 12:05:57,4,2,Y,N,3427
3628,03-10-2024,2024-11-15 09:01:01,4,9,Y,N,3386
3904,25-10-2024,2024-11-03 11:24:04,3,5,N,N,3514
3836,21-10-2024,2024-11-09 17:39:36,1,8,N,N,3473
3626,09-10-2024,2024-11-27 10:56:43,2,5,N,N,3526
3854,01-10-2024,2024-11-02 10:03:48,3,8,Y,N,3388
3683,15-10-2024,2024-11-03 15:16:55,4,5,N,N,3490
3711,23-10-2024,2024-11-25 16:10:52,1,6,Y,N,3412
3907,12-10-2024,2024-11-11 13:39:35,3,3,N,N,3463
3659,24-10-2024,2024-11-22 10:12:34,1,4,Y,N,3554
3646,12-10-2024,2024-11-25 17:14:32,1,9,Y,N,3599
3896,26-10-2024,2024-11-12 19:10:27,2,3,N,N,3556
3602,26-10-2024,2024-11-13 10:58:30,1,2,Y,N,3221
3749,29-10-2024,2024-11-19 15:54:19,3,4,N,N,3287
3950,25-10-2024,2024-11-24 10:39:22,2,8,N,N,3202
3800,28-10-2024,2024-11-12 12:39:21,4,10,Y,N,3324
3667,03-10-2024,2024-11-06 11:25:22,1,10,N,N,3457
3958,07-10-2024,2024-11-06 13:14:15,2,7,N,N,3471
3927,23-10-2024,2024-11-04 19:10:14,4,5,Y,N,3262
3838,16-10-2024,2024-11-19 10:48:49,4,8,Y,N,3204
3932,23-10-2024,2024-11-01 07:34:22,1,10,Y,N,3388
3664,03-10-2024,2024-11-08 18:55:54,4,1,Y,N,3578
3608,12-10-2024,2024-11-03 19:18:16,2,5,N,N,3507
3910,03-10-2024,2024-11-12 18:30:29,2,5,Y,N,3356
3882,27-10-2024,2024-11-25 21:09:59,1,1,N,N,3295
3849,21-10-2024,2024-11-12 12:35:42,4,4,Y,N,3454
3922,29-10-2024,2024-11-24 12:51:14,2,5,N,N,3484
3895,09-10-2024,2024-11-15 15:55:38,1,3,Y,N,3480
3785,01-10-2024,2024-11-21 07:19:19,2,2,N,N,3452
3838,08-10-2024,2024-11-03 10:31:53,4,9,Y,N,3444
3871,18-10-2024,2024-11-22 18:21:45,3,3,Y,N,3250
3717,23-10-2024,2024-11-13 18:45:06,2,10,Y,N,3522
3623,20-10-2024,2024-11-16 21:56:02,2,9,N,N,3218
3833,14-10-2024,2024-11-26 13:45:45,4,1,N,N,3411
3622,21-10-2024,2024-11-16 13:52:12,2,8,Y,N,3358
3947,09-10-2024,2024-11-29 16:43:03,4,1,N,N,3487
3991,16-10-2024,2024-11-28 21:16:40,4,4,N,N,3511
3600,24-10-2024,2024-11-27 10:13:16,4,4,Y,N,3423
3881,25-10-2024,2024-11-17 17:05:27,1,3,N,N,3473
3773,27-10-2024,2024-11-09 16:51:07,4,6,N,N,3337
3860,16-10-2024,2024-11-26 18:32:31,4,10,N,N,3578
3995,15-10-2024,2024-11-04 15:44:27,4,3,N,N,3544
3956,16-10-2024,2024-11-12 12:59:51,4,4,N,N,3558
3776,01-10-2024,2024-11-07 12:30:40,1,6,Y,N,3585
3985,23-10-2024,2024-11-05 19:15:25,3,3,Y,N,3523
3917,25-10-2024,2024-11-25 18:02:28,1,8,Y,N,3564
3911,01-10-2024,2024-11-02 17:06:33,2,10,Y,N,3389
3771,12-10-2024,2024-11-26 08:22:50,1,3,N,N,3440
3911,17-10-2024,2024-11-23 18:11:48,1,2,Y,N,3456
3948,05-10-2024,2024-11-21 16:37:29,2,8,N,N,3599
3616,20-10-2024,2024-11-15 12:08:45,3,5,Y,N,3522
3828,04-10-2024,2024-11-06 09:37:02,1,8,N,N,3408
3903,30-10-2024,2024-11-26 13:06:45,1,8,N,N,3591
3701,23-10-2024,2024-11-22 19:26:38,4,2,Y,N,3458
3728,11-10-2024,2024-11-03 13:12:59,3,3,N,N,3382
3945,19-10-2024,2024-11-11 12:21:15,1,8,Y,N,3557
3738,04-10-2024,2024-11-16 11:30:27,2,8,N,N,3350
3669,18-10-2024,2024-11-13 18:36:01,4,6,Y,N,3295
3755,08-10-2024,2024-11-02 14:32:16,3,1,N,N,3270
3927,07-10-2024,2024-11-17 16:24:48,3,4,N,N,3422
3912,03-10-2024,2024-11-18 12:35:44,2,7,N,N,3406
3644,30-10-2024,2024-11-03 21:58:53,4,5,Y,N,3594
3840,15-10-2024,2024-11-25 17:47:34,3,2,N,N,3436
3948,13-10-2024,2024-11-14 07:21:01,2,10,Y,N,3560
3754,12-10-2024,2024-11-01 11:15:13,2,5,N,N,3520
3773,05-10-2024,2024-11-03 13:35:55,1,6,Y,N,3511
3829,19-10-2024,2024-11-08 14:33:40,2,3,N,N,3547
3909,27-10-2024,2024-11-05 20:38:17,3,10,N,N,3420
3695,10-10-2024,2024-11-21 11:37:36,2,6,N,N,3318
3733,16-10-2024,2024-11-03 08:05:31,2,8,Y,N,3373
3968,12-10-2024,2024-11-20 18:51:31,3,6,N,N,3368
3653,26-10-2024,2024-11-27 10:27:47,3,9,N,N,3360
3932,10-10-2024,2024-11-02 15:21:59,4,9,Y,N,3590
3863,10-10-2024,2024-11-04 15:48:06,1,9,Y,N,3507
3740,24-10-2024,2024-11-11 07:57:44,2,9,N,N,3493
3873,27-10-2024,2024-11-05 10:30:11,1,9,N,N,3581
3918,23-10-2024,2024-11-08 09:07:07,1,1,N,N,3454
3628,05-10-2024,2024-11-03 18:20:36,3,5,N,N,3421
3950,02-10-2024,2024-11-02 16:47:20,1,6,Y,N,3344
3990,28-10-2024,2024-11-28 09:13:15,3,5,Y,N,3397
3981,13-10-2024,2024-11-12 17:12:10,3,5,Y,N,3530
3739,22-10-2024,2024-11-16 18:36:59,4,8,N,N,3573
3623,08-10-2024,2024-11-18 19:34:09,2,8,Y,N,3528
3903,11-10-2024,2024-11-02 09:40:36,1,4,N,N,3522
3838,10-10-2024,2024-11-08 12:26:49,3,6,N,N,3337
3864,28-10-2024,2024-11-10 18:34:11,4,3,Y,N,3566
3711,16-10-2024,2024-11-16 18:21:00,4,8,N,N,3219
3993,21-10-2024,2024-11-15 12:09:31,1,2,Y,N,3277
3624,19-10-2024,2024-11-21 15:12:05,3,10,N,N,3599
3900,19-10-2024,2024-11-12 15:07:55,1,2,N,N,3271
3638,16-10-2024,2024-11-19 14:27:44,3,8,Y,N,3292
3635,24-10-2024,2024-11-09 16:06:51,1,3,Y,N,3415
3620,29-10-2024,2024-11-15 20:06:16,3,4,Y,N,3262
3822,23-10-2024,2024-11-13 13:53:46,4,5,Y,N,3265
3679,19-10-2024,2024-11-07 20:49:08,3,5,Y,N,3479
3785,08-10-2024,2024-11-12 09:53:07,2,3,Y,N,3278
3735,01-10-2024,2024-11-13 10:40:03,4,1,N,N,3237
3878,14-10-2024,2024-11-27 19:00:44,3,6,N,N,3244
3766,27-10-2024,2024-11-12 14:12:01,2,4,Y,N,3215
3607,26-10-2024,2024-11-05 15:21:13,2,6,Y,N,3469
3954,11-10-2024,2024-11-13 14:03:43,1,6,N,N,3576
3625,20-10-2024,2024-11-09 16:18:46,2,4,N,N,3479
3922,19-10-2024,2024-11-22 14:42:49,2,10,Y,N,3330
3751,25-10-2024,2024-11-26 13:01:20,2,3,Y,N,3456
3664,03-10-2024,2024-11-20 10:41:46,3,2,Y,N,3323
3830,07-10-2024,2024-11-04 13:57:11,2,1,Y,N,3283
3748,16-10-2024,2024-11-05 10:04:20,2,7,Y,N,3302
3913,29-10-2024,2024-11-12 09:54:01,2,2,N,N,3311
3619,24-10-2024,2024-11-23 07:50:17,2,5,N,N,3378
3762,08-10-2024,2024-11-20 15:41:25,4,5,Y,N,3593
3842,20-10-2024,2024-11-23 11:45:50,1,10,Y,N,3592
3926,08-10-2024,2024-11-28 07:14:21,2,9,Y,N,3277
3780,05-10-2024,2024-11-25 19:19:37,4,10,N,N,3566
3708,20-10-2024,2024-11-22 17:46:29,3,3,N,N,3275
3898,25-10-2024,2024-11-16 16:57:13,2,2,N,N,3574
3904,16-10-2024,2024-11-08 17:39:32,1,1,N,N,3313
3737,30-10-2024,2024-11-20 17:03:26,2,8,Y,N,3272
3814,10-10-2024,2024-11-16 14:25:54,2,10,Y,N,3565
3771,18-10-2024,2024-11-08 07:26:57,3,7,Y,N,3294
3789,15-10-2024,2024-11-27 07:40:07,4,10,N,N,3445
3674,25-10-2024,2024-11-28 10:58:25,4,7,N,N,3305
3675,29-10-2024,2024-11-15 18:25:57,2,3,Y,N,3244
3705,09-10-2024,2024-11-21 13:22:44,3,3,N,N,3270
3826,11-10-2024,2024-11-27 15:59:26,3,5,Y,N,3417
3832,12-10-2024,2024-11-02 19:40:10,4,9,Y,N,3277
3726,29-10-2024,2024-11-29 13:49:36,2,5,Y,N,3399
3910,13-10-2024,2024-11-20 07:04:50,3,3,N,N,3378
3974,12-10-2024,2024-11-17 19:36:46,2,10,Y,N,3578
3630,26-10-2024,2024-11-10 16:16:43,2,6,N,N,3277
3600,13-10-2024,2024-11-13 17:23:28,4,9,N,N,3237
3774,25-10-2024,2024-11-15 15:48:58,3,3,N,N,3432
3802,12-10-2024,2024-11-04 17:47:15,1,7,N,N,3390
3872,10-10-2024,2024-11-22 09:52:07,3,4,Y,N,3427
3738,10-10-2024,2024-11-08 16:52:13,3,9,Y,N,3370
3874,30-10-2024,2024-11-20 14:59:20,2,9,N,N,3588
3692,16-10-2024,2024-11-23 14:25:42,4,6,Y,N,3234
3929,03-10-2024,2024-11-13 12:31:21,2,4,Y,N,3214
3864,03-10-2024,2024-11-17 10:20:12,4,5,Y,N,3304
3971,14-10-2024,2024-11-02 10:13:46,4,10,Y,N,3289
3919,13-10-2024,2024-11-12 13:25:44,1,9,Y,N,3592
3734,29-10-2024,2024-11-29 19:46:53,3,10,N,N,3376
3960,06-10-2024,2024-11-08 11:55:48,1,1,N,N,3362
3724,05-10-2024,2024-11-26 17:07:00,1,1,N,N,3369
3959,02-10-2024,2024-11-16 10:42:29,3,2,N,N,3228
3987,05-10-2024,2024-11-22 17:26:48,1,3,N,N,3390
3727,16-10-2024,2024-11-03 15:45:33,3,8,Y,N,3492
3711,14-10-2024,2024-11-11 16:00:49,3,8,N,N,3591
3794,19-10-2024,2024-11-05 14:25:28,4,4,Y,N,3314
3653,20-10-2024,2024-11-18 11:07:53,2,3,Y,N,3513
3889,01-10-2024,2024-11-01 19:45:31,1,4,Y,N,3584
3789,13-10-2024,2024-11-18 16:22:13,2,6,Y,N,3322
3948,04-10-2024,2024-11-11 10:45:47,4,10,Y,N,3544
3622,16-10-2024,2024-11-28 11:25:00,3,5,Y,N,3271
3966,30-10-2024,2024-11-18 16:07:23,3,7,N,N,3320
3923,11-10-2024,2024-11-07 14:46:37,2,9,Y,N,3448
3624,07-10-2024,2024-11-06 18:38:32,2,5,Y,N,3233
3938,03-10-2024,2024-11-19 16:06:01,2,9,Y,N,3571
3905,29-10-2024,2024-11-04 17:13:55,1,1,N,N,3492
3945,29-10-2024,2024-11-19 19:17:07,2,9,Y,N,3204
3679,20-10-2024,2024-11-19 17:53:07,1,7,N,N,3345
3628,01-10-2024,2024-11-08 17:26:13,1,7,N,N,3465
3723,20-10-2024,2024-11-09 16:14:14,1,9,N,N,3242
3719,17-10-2024,2024-11-24 09:36:06,4,10,Y,N,3435
3650,05-10-2024,2024-11-10 17:38:01,1,9,N,N,3218
3791,17-10-2024,2024-11-19 21:59:24,3,8,Y,N,3375
3896,08-10-2024,2024-11-24 16:24:29,4,8,Y,N,3217
3652,03-10-2024,2024-11-19 11:28:12,2,7,N,N,3588
3681,19-10-2024,2024-11-12 14:58:39,4,2,N,N,3383
3826,30-10-2024,2024-11-14 08:29:01,2,5,N,N,3278
3882,06-10-2024,2024-11-26 11:03:16,2,4,Y,N,3375
3952,07-10-2024,2024-11-21 07:15:34,3,1,N,N,3447
3855,14-10-2024,2024-11-03 17:40:52,2,1,Y,N,3314
3824,08-10-2024,2024-11-09 11:46:38,3,6,Y,N,3394
3675,08-10-2024,2024-11-19 11:31:20,2,5,N,N,3593
3784,10-10-2024,2024-11-26 20:47:44,2,6,Y,N,3414
3985,15-10-2024,2024-11-22 15:01:25,2,1,N,N,3459
3658,25-10-2024,2024-11-27 19:36:10,1,2,N,N,3286
3737,05-10-2024,2024-11-26 17:59:40,1,7,N,N,3220
3654,28-10-2024,2024-11-20 14:17:34,2,4,N,N,3263
3687,07-10-2024,2024-11-21 16:50:47,4,4,N,N,3318
3951,16-10-2024,2024-11-01 20:57:22,1,10,N,N,3306
3665,18-10-2024,2024-11-17 08:24:18,1,5,Y,N,3309
3766,27-10-2024,2024-11-06 14:52:10,1,6,N,N,3351
3627,02-10-2024,2024-11-10 14:58:56,2,1,Y,N,3339
3767,05-10-2024,2024-11-28 15:34:28,2,8,N,N,3302
3890,20-10-2024,2024-11-14 18:11:11,3,1,N,N,3287
3797,11-10-2024,2024-11-04 14:10:12,3,9,N,N,3468
3889,01-10-2024,2024-11-08 11:11:19,3,3,N,N,3593
3701,13-10-2024,2024-11-08 19:39:02,1,5,N,N,3369
3851,14-10-2024,2024-11-13 18:49:45,1,3,N,N,3567
3822,20-10-2024,2024-11-17 09:03:56,3,1,N,N,3359
3745,27-10-2024,2024-11-26 13:00:32,1,5,N,N,3479
3719,05-10-2024,2024-11-17 17:13:16,3,2,N,N,3277
3728,14-10-2024,2024-11-03 16:43:09,1,6,Y,N,3452
3750,04-10-2024,2024-11-17 19:31:14,1,1,Y,N,3440
3714,23-10-2024,2024-11-21 18:22:50,2,4,N,N,3524
3909,01-10-2024,2024-11-10 19:02:58,4,4,Y,N,3302
3608,21-10-2024,2024-11-28 14:17:36,3,5,N,N,3256
3782,04-10-2024,2024-11-24 09:34:02,1,9,N,N,3560
3673,08-10-2024,2024-11-08 11:13:27,4,3,Y,N,3522
3997,30-10-2024,2024-11-02 10:22:24,2,3,N,N,3595
3688,22-10-2024,2024-11-03 11:31:49,1,2,Y,N,3296
3780,07-10-2024,2024-11-18 07:02:32,2,9,N,N,3229
3839,07-10-2024,2024-11-22 12:06:57,4,3,N,N,3214
3662,18-10-2024,2024-11-07 11:53:27,1,1,Y,N,3295
3977,28-10-2024,2024-11-19 19:47:49,3,8,Y,N,3513
3615,11-10-2024,2024-11-26 12:14:20,3,10,N,N,3234
3858,08-10-2024,2024-11-28 12:50:03,2,10,N,N,3312
3665,17-10-2024,2024-11-13 17:04:47,2,1,N,N,3366
3883,06-10-2024,2024-11-18 11:23:15,1,9,N,N,3580
3702,04-10-2024,2024-11-04 14:11:36,2,5,Y,N,3380
3968,18-10-2024,2024-11-24 15:16:08,1,1,N,N,3415
3962,28-10-2024,2024-11-23 15:29:32,4,1,Y,N,3457
3986,21-10-2024,2024-11-19 17:06:37,3,4,N,N,3533
3823,21-10-2024,2024-11-13 19:08:38,2,6,Y,N,3371
3971,10-10-2024,2024-11-11 19:59:26,1,4,N,N,3343
3626,28-10-2024,2024-11-26 17:48:04,3,5,Y,N,3586
3613,02-10-2024,2024-11-04 11:07:29,2,8,Y,N,3580
3889,14-10-2024,2024-11-25 13:49:09,3,10,Y,N,3321
3842,21-10-2024,2024-11-12 11:13:51,2,5,N,N,3550
3726,29-10-2024,2024-11-28 18:45:30,1,6,N,N,3449
3724,26-10-2024,2024-11-25 18:18:27,4,8,Y,N,3563
3639,29-10-2024,2024-11-20 08:58:00,3,5,Y,N,3246
3953,17-10-2024,2024-11-22 18:35:18,4,8,Y,N,3339
3937,19-10-2024,2024-11-18 18:58:55,4,8,N,N,3320
3837,27-10-2024,2024-11-09 17:43:28,1,5,N,N,3275
3675,25-10-2024,2024-11-01 14:35:24,3,6,N,N,3505
3604,10-10-2024,2024-11-19 13:18:06,3,9,N,N,3307
3638,20-10-2024,2024-11-29 15:16:56,3,4,N,N,3398
3894,27-10-2024,2024-11-03 21:23:21,3,7,Y,N,3408
3601,10-10-2024,2024-11-19 08:47:55,2,6,N,N,3335
3784,10-10-2024,2024-11-21 18:21:59,4,3,Y,N,3223
3779,22-10-2024,2024-11-03 12:43:25,2,6,N,N,3472
3958,08-10-2024,2024-11-11 14:41:49,4,10,Y,N,3368
3944,25-10-2024,2024-11-06 11:57:28,2,10,Y,N,3398
3623,27-10-2024,2024-11-07 20:46:42,4,7,N,N,3596
3898,01-10-2024,2024-11-17 20:57:51,2,1,Y,N,3551
3955,22-10-2024,2024-11-27 11:09:06,1,6,N,N,3409
3779,18-10-2024,2024-11-09 14:02:53,1,3,N,N,3222
3827,12-10-2024,2024-11-22 07:14:32,3,8,N,N,3573
3987,09-10-2024,2024-11-12 15:40:42,4,1,Y,N,3498
3835,13-10-2024,2024-11-08 21:39:47,3,10,Y,N,3343
3706,14-10-2024,2024-11-04 09:19:06,2,10,Y,N,3203
3851,01-10-2024,2024-11-26 09:36:51,2,10,N,N,3336
3750,30-10-2024,2024-11-12 08:50:42,4,3,Y,N,3441
3787,03-10-2024,2024-11-01 14:33:40,4,9,Y,N,3351
3646,28-10-2024,2024-11-25 20:53:09,1,10,N,N,3431
3917,15-10-2024,2024-11-22 19:36:52,3,9,Y,N,3534
3882,01-10-2024,2024-11-11 10:54:08,4,2,N,N,3463
3904,20-10-2024,2024-11-18 14:05:04,4,9,N,N,3443
3616,02-10-2024,2024-11-10 13:04:21,3,3,N,N,3323
3631,05-10-2024,2024-11-25 15:13:44,1,7,Y,N,3305
3891,20-10-2024,2024-11-25 21:39:51,1,6,N,N,3567
3901,22-10-2024,2024-11-01 12:01:12,2,7,N,N,3330
3847,22-10-2024,2024-11-08 08:13:24,3,1,N,N,3509
3850,26-10-2024,2024-11-12 11:25:10,2,7,N,N,3302
3987,04-10-2024,2024-11-07 10:20:49,4,5,N,N,3469
3652,02-10-2024,2024-11-16 18:56:21,3,2,N,N,3482
3628,04-10-2024,2024-11-25 17:29:43,2,6,N,N,3248
3861,07-10-2024,2024-11-03 14:55:08,1,2,N,N,3458
3647,05-10-2024,2024-11-15 17:52:16,1,9,Y,N,3257
3859,26-10-2024,2024-11-01 18:48:10,2,10,Y,N,3282
3679,08-10-2024,2024-11-11 11:36:19,3,5,Y,N,3473
3764,28-10-2024,2024-11-12 17:36:05,1,7,N,N,3596
3749,07-10-2024,2024-11-23 16:16:10,1,1,N,N,3473
3850,27-10-2024,2024-11-29 15:43:33,3,4,Y,N,3513
3712,13-10-2024,2024-11-15 16:13:15,3,6,Y,N,3526
3998,19-10-2024,2024-11-25 11:03:32,1,4,Y,N,3455
3879,22-10-2024,2024-11-08 14:04:13,3,5,N,N,3420
3967,23-10-2024,2024-11-12 15:01:44,2,8,N,N,3219
3984,27-10-2024,2024-11-22 12:54:04,2,3,Y,N,3212
3942,20-10-2024,2024-11-28 20:25:25,3,1,Y,N,3509
3736,03-10-2024,2024-11-25 20:00:57,1,5,Y,N,3474
3929,09-10-2024,2024-11-29 17:01:15,2,9,N,N,3420
3832,27-10-2024,2024-11-05 11:40:19,1,9,N,N,3244
3898,27-10-2024,2024-11-14 16:47:44,3,7,N,N,3546
3785,17-10-2024,2024-11-09 19:12:03,3,3,N,N,3463
